"ensembl_gene_id","baseMean","log2FoldChange","lfcSE","stat","pvalue","padj","SC_Ythdc2_iKO_1","SC_Ythdc2_iKO_2","SC_Ythdc2_iKO_3","SC_Ythdc2_HT_1","SC_Ythdc2_HT_2","SC_Ythdc2_HT_3","mgi_symbol","entrezgene_id","chromosome_name"
"ENSMUSG00000000794",12.7404041547858,-2.73363378489794,0.646492454582311,-4.22840787316551,2.35350848795553e-05,0.000562237183054697,2.45520222031301,6.92642849486215,0.992165313909098,23.9713681582098,21.0893084833939,21.0079522580271,"Kcnn3",140493,"3"
"ENSMUSG00000001280",90.5589098134428,-1.21264608974599,0.247423692130491,-4.90109123869367,9.53057783388569e-07,4.04326548587226e-05,58.1064525474079,55.4114279588972,50.600431009364,112.365788241608,139.37282128156,127.49653784182,"Sp1",20683,"15"
"ENSMUSG00000002635",31.9669415138433,-1.16933000975919,0.358324302245021,-3.26332878465945,0.00110111695020814,0.0115490552757125,18.8232170223997,16.1616664880117,23.8119675338183,46.4445258065314,43.0955434225875,43.4647288097112,"Pdcd2l",68079,"7"
"ENSMUSG00000002732",44.9487356667332,-1.00245816164327,0.344099845725276,-2.9132769865977,0.00357657202224988,0.0291987827403718,45.0120407057385,23.0880949828738,20.8354715920911,56.9319993757482,68.7694841849801,55.0553231589675,"Fkbp7",14231,"2"
"ENSMUSG00000003190",152.476056017655,-1.24901069285411,0.235347726756426,-5.30708628491144,1.11391456608792e-07,6.40396771335497e-06,81.8400740104337,96.9699989280701,92.2713741935461,212.745892404112,262.240966358724,168.788030211045,"Bcl2l12",75736,"7"
"ENSMUSG00000003344",72.1676095210523,-1.20979686330402,0.264246497806481,-4.57828911015503,4.68794468388281e-06,0.00014813737851766,45.8304414458428,36.9409519725981,47.6239350676367,98.8818936526153,100.861910137971,102.86652484965,"Btbd2",208198,"10"
"ENSMUSG00000004043",114.149392764808,-1.16073355942598,0.261642715724412,-4.43633049829899,9.15053247017939e-06,0.000257617851214227,66.2904599484513,51.9482137114661,93.2635395074552,142.32999843937,189.803776350545,141.260368631561,"Stat5a",20850,"11"
"ENSMUSG00000004637",467.365653880654,-1.78655556271717,0.18942171533489,-9.43163015686249,4.03764286992857e-21,8.27918670478852e-18,211.147390946919,213.564878591583,205.378219979183,705.6571501573,849.073898070554,619.372385538385,"Wwox",80707,"8"
"ENSMUSG00000005705",51.7320474035825,-1.01755330902932,0.341494909386088,-2.979702716092,0.00288528249045001,0.0245828465928023,18.8232170223997,45.021785216604,39.6866125563639,74.9105254944055,52.2648079805849,79.6853361511372,"Agrp",11604,"8"
"ENSMUSG00000006310",1042.47488813878,-1.12990991798984,0.173527661738447,-6.51141095702032,7.44481553529628e-11,1.11699470159451e-08,576.972521773557,614.143326544444,770.912448907369,1432.28924745303,1441.40838851718,1419.12339563707,"Zbtb32",58206,"7"
"ENSMUSG00000006651",10.3550420341331,-2.61563102668812,0.688313943425607,-3.80005526790671,0.000144663820647804,0.00238259569669336,2.45520222031301,1.15440474914369,4.96082656954549,19.4767366285454,17.421602660195,16.661479377056,"Aplp1",11803,"7"
"ENSMUSG00000011658",64.1609255876303,-1.43550405252948,0.292454839332318,-4.90846400697889,9.17924711269122e-07,3.90769125354464e-05,37.6464340447995,32.3233329760234,32.7414553590002,118.358630281161,87.1080133009748,76.7876875638232,"Fuz",70300,"7"
"ENSMUSG00000015016",41.111178198895,-1.08919075777794,0.322976451758433,-3.37235346988265,0.000745287320377012,0.00856941112392371,26.1888236833388,31.1689282268797,21.8276369060001,53.935578355972,57.7663667153833,55.7797353057961,"Acsf3",257633,"8"
"ENSMUSG00000017747",103.330012075361,-1.001455718823,0.319119911508976,-3.138179984093,0.00170000454705512,0.016051539479984,58.1064525474079,62.3378564537594,85.3262169961824,188.774524245902,69.6864106407798,155.748611568132,"Ghdc",80860,"11"
"ENSMUSG00000020018",14.2332501131398,-1.81579611734422,0.535506527506479,-3.39080109032332,0.000696886593857421,0.00814999597360062,8.18400740104336,4.61761899657477,5.95299188345459,19.4767366285454,21.0893084833939,26.0788372858267,"Snrpf",69878,"10"
"ENSMUSG00000020022",271.951395374662,-1.02678295283756,0.210393587928952,-4.88029584430253,1.05926818105544e-06,4.3879381924327e-05,207.873787986501,183.550355113847,144.856135830728,398.523995630237,307.170362692911,389.733734993744,"Ndufa12",66414,"10"
"ENSMUSG00000020214",22.1534827728462,-1.19311607904688,0.419611730491068,-2.84338113629614,0.00446376558006826,0.0345318917956336,10.6392096213564,15.007261738868,14.8824797086365,34.4588417274265,27.507793673992,30.4253101667979,"Glipr1l2",67537,"10"
"ENSMUSG00000020310",16.8833268204203,-1.90061754914743,0.533215066972338,-3.56444831902327,0.000364622282501312,0.00486018195191078,3.27360296041735,10.3896427422932,7.93732251127278,37.4552627472028,18.3385291159947,23.9056008453412,"Madcam1",17123,"10"
"ENSMUSG00000020546",24.3053195174707,-1.3860944282701,0.414920819947871,-3.34062394951461,0.000835903589709397,0.00934071014004969,12.276011101565,9.23523799314953,18.8511409642729,31.4624207076503,38.5109111435888,35.4961951945975,"Stxbp4",20913,"11"
"ENSMUSG00000020783",189.637943646831,-1.04354987983768,0.224274318858805,-4.65300657314518,3.27129815670591e-06,0.000113371214709726,104.755294733355,156.999045883542,111.122515157819,247.204734131538,288.831833576916,228.914238397812,"Ncbp3",66874,"11"
"ENSMUSG00000020805",97.5468144769575,-1.02855840325596,0.242381275924679,-4.24355552767858,2.20005902017739e-05,0.000530731884808674,73.6560666093903,58.8746422063283,59.5299188345459,131.842524870154,120.117365709765,141.260368631561,"Slc13a5",237831,"11"
"ENSMUSG00000020990",48.6594041148884,-1.11668070967819,0.304854303650404,-3.6629980167797,0.000249280469503718,0.00362517448735727,32.7360296041735,30.014523477736,29.7649594172729,55.4337888658601,75.1879693755782,68.8191539487094,"Cdkl1",71091,"12"
"ENSMUSG00000020992",102.683602255569,-1.04467571318203,0.300048853551046,-3.48168540162179,0.000498268712475241,0.00622355326861207,91.6608828916857,39.2497614708855,68.4594066597277,166.30136659758,99.0280572263713,151.402138687161,"4930512B01Rik",NA,"12"
"ENSMUSG00000021987",56.5574075694436,-1.16206070165376,0.291343820369842,-3.9886231332403,6.64579043417249e-05,0.00127954866528363,30.2808273838604,32.3233329760234,42.6631084980912,71.9141044746293,78.8556751987772,83.3073968852798,"Mtmr6",219135,"14"
"ENSMUSG00000022445",42.3723414532565,-1.22225259617008,0.361424453470379,-3.38176508101229,0.000720217072357767,0.00834353167722938,36.0096325645908,13.8528569897243,24.8041328477274,73.4123149845174,60.5171460827825,45.6379652501968,"Cyp2d26",76279,"15"
"ENSMUSG00000023861",30.384867529175,-1.0406103245791,0.386414459193676,-2.69299012969266,0.00708143653994048,0.0486992251262648,22.0968199828171,21.9336902337301,14.8824797086365,50.9391573361958,44.929396334187,27.5276615794838,"Mpc1",55951,"17"
"ENSMUSG00000024043",38.8026897729691,-1.36119011275898,0.343980705623339,-3.95716995315863,7.58429717210303e-05,0.00142457416959364,25.3704229432344,16.1616664880117,22.8198022199092,65.9212624350769,46.7632492457865,55.7797353057961,"Arhgap28",268970,"17"
"ENSMUSG00000024112",196.942952536123,-1.2558534317772,0.220497305137621,-5.69555002494644,1.22974820550114e-08,9.4423994488691e-07,141.58332803805,90.0435704332079,115.091176413455,307.133154527063,267.742525093522,260.063960711439,"Cacna1h",58226,"17"
"ENSMUSG00000024524",43.2449853366819,-1.0896466370937,0.319729062107767,-3.40803125593388,0.000654333991992317,0.00774809538352404,23.7336214630258,28.8601187285923,30.757124731182,53.935578355972,67.8525577291803,54.330911012139,"Gnal",14680,"18"
"ENSMUSG00000024646",240.326194320795,-1.3461863397312,0.192455085395904,-6.99480783769329,2.65622743863689e-12,6.40775807402936e-10,148.948934698989,129.293331904093,127.989325494274,353.577680333594,343.8474209249,338.300472568919,"Cyb5a",109672,"18"
"ENSMUSG00000024695",53.7546010684912,-1.39491029061683,0.314895467841264,-4.42975664330613,9.43394840627981e-06,0.00026304712591261,31.0992281239648,35.7865472234544,22.8198022199092,64.4230519251887,70.6033370965796,97.7956398218502,"Zfp91",109910,"19"
"ENSMUSG00000025034",11.8537757362128,-1.66071538751142,0.587496305912511,-2.82676736993599,0.0047020472597577,0.0357298235350954,9.0024081411477,4.61761899657477,2.97649594172729,20.9749471384335,18.3385291159947,15.2126550833989,"Trim8",93679,"19"
"ENSMUSG00000025198",29.7424952388733,-1.13216966813747,0.399735211408924,-2.83229907154533,0.00462146010964709,0.0353616856110376,13.9128125817737,13.8528569897243,27.7806287894547,46.4445258065314,46.7632492457865,29.7008980199693,"Erlin1",226144,"19"
"ENSMUSG00000025571",196.83640492094,-1.07321352543472,0.255557460367208,-4.19949988504592,2.67505166106586e-05,0.00062528700586596,85.9320777109553,135.065355649812,160.730780853274,232.222629032657,337.428935734302,229.638650544641,"Tnrc6c",217351,"11"
"ENSMUSG00000025892",26.5920245238853,-1.36178334900412,0.416245676938775,-3.27158556701221,0.00106946220134041,0.0113362205324444,20.4600185026084,16.1616664880117,7.93732251127278,37.4552627472028,31.175499497191,46.3623773970253,"Gria4",14802,"9"
"ENSMUSG00000025963",35.3447992817102,-1.13795675276898,0.341742261259961,-3.3298683884559,0.000868870427745962,0.00964775530014311,25.3704229432344,19.6248807354428,20.8354715920911,50.9391573361958,46.7632492457865,48.5356138375109,"Mdh1b",76668,"1"
"ENSMUSG00000026096",39.228447495305,-1.03400953580578,0.355286225103572,-2.91035639083488,0.00361016832399597,0.0294145039007433,22.0968199828171,30.014523477736,25.7962981616365,40.451683766979,74.2710429197785,42.7403166628827,"Osgepl1",72085,"1"
"ENSMUSG00000026390",37.4464817566691,-2.54380240829327,0.38678543006257,-6.5767792956466,4.80747536094907e-11,8.21477352302173e-09,13.0944118416694,13.8528569897243,5.95299188345459,64.4230519251887,61.4340725385822,65.9215053613953,"Marco",17167,"1"
"ENSMUSG00000026816",49.9940905286312,-1.09780680994105,0.311227120099237,-3.52734944689591,0.000419742392025191,0.00547043500962492,22.9152207229214,40.4041662200292,32.7414553590002,73.4123149845174,66.0187048175809,64.4726810677383,"Gtf3c5",70239,"2"
"ENSMUSG00000027221",119.997062244287,-1.68707392202815,0.258564865140863,-6.52476089939384,6.81100967171049e-11,1.06070698722853e-08,63.8352577281382,43.8673804674603,62.5064147762731,152.817472008587,231.065466861533,165.890381623731,"Chst1",76969,"2"
"ENSMUSG00000027259",58.1069832335613,-1.20332992441392,0.28722232945647,-4.18954169298419,2.79518423145915e-05,0.00064641262405342,32.7360296041735,42.7129757183166,30.757124731182,77.9069465141817,79.7726016545769,84.7562211789369,"Adal",75894,"2"
"ENSMUSG00000027376",18.9213874355737,-2.93281468904931,0.553801954735877,-5.29578247958343,1.1850784022584e-07,6.71890303363368e-06,7.36560666093903,2.30880949828738,2.97649594172729,28.4659996878741,41.2616905109881,31.1497223136264,"Prom2",192212,"2"
"ENSMUSG00000027676",773.789216994845,-1.36333977895269,0.176768690611692,-7.71256365725729,1.23315133678062e-14,6.89611858927817e-12,403.471564871438,422.512138186591,474.255020048549,1014.28851519425,1276.36162647323,1051.84643719501,"Ccdc39",51938,"3"
"ENSMUSG00000027973",241.736064020369,-1.06647939029706,0.21079999662407,-5.05920022474652,4.2101859990251e-07,1.99482614672971e-05,126.033713976068,173.160712371554,170.652433992365,311.627786056727,374.105993966292,294.835743759208,"1700006A11Rik",71824,"3"
"ENSMUSG00000027983",141.751833222821,-1.73714639879369,0.241601762949363,-7.19012302554171,6.4732967258066e-13,2.15245863831348e-10,53.1960481067819,77.3451181926273,66.4750760319095,220.236944953552,252.154775344927,181.10303670713,"Cyp2u1",71519,"3"
"ENSMUSG00000028252",32.253362725894,-1.04815875655284,0.364008591252126,-2.87948906081409,0.00398320116084496,0.0316981396389881,21.2784192427127,24.2424997320175,17.8589756503638,37.4552627472028,55.0155873479841,37.6694316350831,"Ccnc",51813,"4"
"ENSMUSG00000028608",295.335458325577,-1.39612719735104,0.198169496969129,-7.04511652249147,1.85306370257463e-12,4.85068994314376e-10,141.58332803805,188.167974110422,158.746450225456,450.961363476321,452.961669165069,379.591964938145,"Czib",74098,"4"
"ENSMUSG00000028784",28.7539760677169,-1.68610900170583,0.41783728217264,-4.03532445199366,5.45268955262919e-05,0.00110518022349253,16.3680148020867,12.6984522405806,10.9138184530001,64.4230519251887,31.175499497191,36.9450194882545,"Spocd1",622480,"4"
"ENSMUSG00000028873",179.270101305069,-1.05473136269644,0.26953748801397,-3.91311565032385,9.11128706238345e-05,0.00163167634248186,73.6560666093903,166.234283876692,111.122515157819,262.186839230419,194.388408629544,268.032494326553,"Cdca8",52276,"4"
"ENSMUSG00000028958",141.241967005815,-1.13886843131614,0.252748104485064,-4.5059425218496,6.60789738644727e-06,0.000195606332645998,104.755294733355,81.9627371892021,76.3967291710005,241.211892091986,140.289747737359,202.835401111986,"Tmub1",64295,"5"
"ENSMUSG00000029384",30.3581148191585,-2.3762716784186,0.465665202931415,-5.10296166314275,3.34378759321393e-07,1.6132791670318e-05,11.4576103614607,9.23523799314953,7.93732251127278,85.3979990636223,31.175499497191,36.9450194882545,"2010109A12Rik",75610,"5"
"ENSMUSG00000029564",332.816712772855,-1.05313619787752,0.220844393015301,-4.76867980888497,1.85437118065911e-06,7.24264401131714e-05,204.600185026084,200.866426351002,245.064832535547,343.090206764377,579.497520065432,423.781105894684,"4930519G04Rik",67593,"5"
"ENSMUSG00000030145",28.5568624052221,-1.08668348881529,0.398355731017053,-2.72792231717327,0.00637346154026987,0.0448585224999658,12.276011101565,13.8528569897243,28.7727941033638,40.451683766979,37.5939846877891,38.3938437819116,"Zfp248",72720,"6"
"ENSMUSG00000030189",1342.26443392654,-1.67850169835867,0.235375444693005,-7.1311674017139,9.95211895926725e-13,2.84746324548523e-10,427.205186334464,671.863564001629,819.528549288915,1799.35082237562,2563.72637041606,1771.91211114256,"Ybx3",56449,"6"
"ENSMUSG00000030523",18.5504112070845,-1.55676946767599,0.516984908387515,-3.01124741248557,0.00260176764283544,0.0226696510692665,10.6392096213564,12.6984522405806,4.96082656954549,23.9713681582098,43.0955434225875,15.9370672302274,"Trpm1",17364,"7"
"ENSMUSG00000030677",287.253111994829,-1.79322694579675,0.219058796080696,-8.18605314135007,2.69932577204215e-16,2.21398699822897e-13,122.76011101565,115.440474914369,147.832631772456,394.029364100573,560.242064493638,383.214025672287,"Kif22",110033,"7"
"ENSMUSG00000030678",492.919134547002,-1.53826948438919,0.196874149588084,-7.81346605233693,5.56364042838553e-15,3.25949848525844e-12,294.624266437561,192.785593106997,267.884634755456,785.06230718137,715.202635523793,701.955370276836,"Maz",17188,"7"
"ENSMUSG00000031703",155.188817742702,-1.02943710847176,0.209251819551183,-4.91960887451187,8.67173219619346e-07,3.73036088146043e-05,103.118493253146,109.668451168651,93.2635395074552,217.240523933776,203.557673187541,204.284225405643,"Itfg1",71927,"8"
"ENSMUSG00000031986",101.588537839654,-1.57558940413738,0.256143435679687,-6.15119961968375,7.689905702945e-10,8.08623161225062e-08,59.7432540276166,41.5585709691729,50.600431009364,160.308524558028,170.548320778751,126.772125694991,"Sprtn",244666,"8"
"ENSMUSG00000032344",24.7802356988148,-2.92591658824974,0.525968754309701,-5.56290951558484,2.65313476371699e-08,1.83379308977585e-06,3.27360296041735,11.5440474914369,2.97649594172729,58.4302098856363,44.929396334187,27.5276615794838,"Cgas",214763,"9"
"ENSMUSG00000032355",15.7975110777133,-1.64450985175055,0.518255232563184,-3.17316593913995,0.00150786315661503,0.0147349010451427,4.09200370052168,10.3896427422932,8.92948782518188,22.4731576483217,29.3416465855915,19.55912796437,"Mlip",69642,"9"
"ENSMUSG00000032580",1350.17467886082,-1.02625629995005,0.160549489815485,-6.39214924400881,1.63570126881024e-10,2.18739485980135e-08,814.308736403815,969.699989280701,885.011460006915,1749.90987554931,1900.78854287285,1781.32946905133,"Rbm5",83486,"9"
"ENSMUSG00000032725",22.8417489834115,-1.46297959885204,0.452520830544964,-3.23295525885558,0.00122516749067041,0.0125819996975943,5.72880518073036,20.7792854845864,10.9138184530001,31.4624207076503,34.8432053203899,33.3229587541119,"Folr2",14276,"7"
"ENSMUSG00000032816",15.3013287227965,-1.69464925766639,0.528858892913837,-3.20435049948662,0.00135367571831677,0.0135268928800755,4.09200370052168,6.92642849486215,10.9138184530001,20.9749471384335,29.3416465855915,19.55912796437,"Igdcc4",56741,"9"
"ENSMUSG00000032890",20.3903016166637,-1.49679547563836,0.470839028327082,-3.17899618677865,0.00147786035351535,0.0144992949994412,13.9128125817737,13.8528569897243,3.96866125563639,35.9570522373146,25.6739407623926,28.9764858731408,"Rims3",242662,"4"
"ENSMUSG00000033147",176.51646120538,-1.13554040147071,0.210304085095642,-5.39951661402248,6.68206960593053e-08,4.11047511808816e-06,99.0264895526247,113.131665416082,120.052002983001,220.236944953552,270.493304460922,236.158359866098,"Slc22a15",242126,"3"
"ENSMUSG00000033174",67.9686633589918,-1.07355997619869,0.276635514008514,-3.88077423842856,0.000104124462451599,0.00181648946549094,33.5544303442778,49.6394042131787,48.6161003815458,95.8854726328391,95.3603514031724,84.7562211789369,"Mgll",23945,"6"
"ENSMUSG00000033210",120.089066188752,-1.02718542732127,0.227391800301279,-4.51724919702611,6.26481624826865e-06,0.000187990327566949,72.8376658692859,80.8083324400584,83.3418863683642,176.788840166797,143.040527104759,163.717145183246,"Slc9c1",208169,"16"
"ENSMUSG00000033278",21.403525678854,-1.84840571781882,0.490614127746777,-3.7675346331911,0.000164867674063354,0.00262401939715581,10.6392096213564,11.5440474914369,5.95299188345459,22.4731576483217,53.1817344363846,24.6300129921697,"Ptprm",19274,"17"
"ENSMUSG00000033658",39.9865957888463,-1.31055221382398,0.338058380066427,-3.87670382129401,0.000105881116472847,0.00183990872311502,20.4600185026084,24.2424997320175,23.8119675338183,68.9176834548531,56.8494402595835,45.6379652501968,"Ddx19b",234733,"8"
"ENSMUSG00000034083",28.1058230897199,-1.16256045734504,0.412632074775875,-2.81742629429983,0.00484102244458615,0.0364408667386987,9.82080888125204,17.3160712371554,24.8041328477274,50.9391573361958,30.2585730413912,35.4961951945975,"Ccdc174",232236,"6"
"ENSMUSG00000034427",36.8163164572868,-1.37272307548118,0.346431841623146,-3.96246219472645,7.41807563373721e-05,0.001397619977364,17.1864155421911,19.6248807354428,24.8041328477274,56.9319993757482,45.8463227899867,56.5041474526246,"Myo15b",217328,"11"
"ENSMUSG00000035472",55.300934493075,-1.19011198586959,0.301528824595973,-3.94692609392902,7.91609793121703e-05,0.00146402010881037,33.5544303442778,27.7057139794486,39.6866125563639,79.4051570240699,62.3509989943819,89.102694059908,"Slc25a21",217593,"12"
"ENSMUSG00000035582",96.499157064005,-1.16122147814852,0.253010271751702,-4.58962187625374,4.44049667394906e-06,0.000143014216176951,50.7408458864689,75.03630869434,54.5690922650004,116.860419771273,144.874380016358,136.91389575059,"Gdpd4",233537,"7"
"ENSMUSG00000035805",199.304521206949,-1.1463172260501,0.211264460390046,-5.42598231587895,5.76366657055292e-08,3.59957565527891e-06,111.30250065419,120.058093910944,140.887474575092,269.67789177986,312.671921427709,241.229244893897,"Mlc1",170790,"15"
"ENSMUSG00000037032",12.9999321992644,-2.24308220053304,0.600994622634028,-3.73228331179087,0.000189751908835197,0.00293673701181657,5.72880518073036,4.61761899657477,2.97649594172729,28.4659996878741,13.753896836996,22.4567765516841,"Apbb1",11785,"7"
"ENSMUSG00000037101",232.498798238901,-1.03602736160916,0.219840791090129,-4.71262569822368,2.4454513920721e-06,8.93761249542546e-05,196.416177625041,120.058093910944,138.903143947274,325.11168064572,321.841185985707,292.662507318722,"Ttc29",73301,"8"
"ENSMUSG00000037337",12.0171202039597,-2.22696287928875,0.619188459212831,-3.59658331183994,0.000322424349525169,0.00444209045040107,4.09200370052168,2.30880949828738,5.95299188345459,26.967789177986,14.6708232927958,18.110303670713,"Map4k1",26411,"7"
"ENSMUSG00000038025",146.356832282314,-1.33510236702878,0.23963536908069,-5.57139111872598,2.52713280583767e-08,1.76655198353528e-06,104.755294733355,68.1098801994778,74.4123985431823,245.70652362165,185.219144071546,199.937752524672,"Phf2",18676,"13"
"ENSMUSG00000038286",52.9209726321596,-1.10222281069131,0.295322919886136,-3.7322630126923,0.000189767205103973,0.00293673701181657,36.0096325645908,33.4777377251671,30.757124731182,80.903367533958,73.3541164639788,63.0238567740813,"Bphl",68021,"13"
"ENSMUSG00000038347",1384.02019015643,-1.13842903161417,0.211021993879633,-5.39483591584075,6.85862003194374e-08,4.19808966432855e-06,1122.02741468305,776.914396173705,692.53138910855,2223.34439667396,1600.03666537054,1889.26687892878,"Tcte2",21646,"17"
"ENSMUSG00000038522",19.714878919261,-2.1183651787895,0.485617470176045,-4.36220957623612,1.28755442042916e-05,0.000339930944947208,9.82080888125204,5.77202374571846,5.95299188345459,40.451683766979,26.5908672181923,29.7008980199693,"Mfsd4b1",215929,"10"
"ENSMUSG00000039155",8.45534301310293,-2.93302294555464,0.795577845571258,-3.68665739233678,0.000227218932524379,0.00340982559852997,1.63680148020867,1.15440474914369,2.97649594172729,17.9785261186573,14.6708232927958,12.3150064960848,"Cdh26",381409,"2"
"ENSMUSG00000039345",49.1320607660918,-1.04466631795355,0.305782220275203,-3.416373643351,0.000634611071289914,0.00756552326558122,28.6440259036518,30.014523477736,37.7022819285457,62.9248414153006,76.104895831378,59.4017960399387,"Mettl22",239706,"16"
"ENSMUSG00000039438",49.6763710457948,-1.28099828297606,0.317242671697172,-4.03791292048773,5.39288632945059e-05,0.00109667240514431,37.6464340447995,24.2424997320175,23.8119675338183,80.903367533958,70.6033370965796,60.8506203335957,"Ttc36",192653,"9"
"ENSMUSG00000039531",114.34038691576,-1.16963146845474,0.22982801441213,-5.08915969816172,3.5965364215205e-07,1.71504603077391e-05,63.8352577281382,76.1907134434836,71.435902601455,158.81031404814,168.714467867151,147.05566580619,"Zup1",72580,"10"
"ENSMUSG00000039748",46.2774930108952,-1.1335601171379,0.343042509493721,-3.30443045910217,0.000951695830307499,0.0103655659580453,19.6416177625041,33.4777377251671,34.7257859868184,50.9391573361958,85.2741603893753,53.6064988653105,"Exo1",26909,"1"
"ENSMUSG00000040687",20.2316065214522,-1.68268730277427,0.477111995878424,-3.52681826764014,0.000420585338395648,0.0054756205484462,7.36560666093903,13.8528569897243,7.93732251127278,29.9642101977622,41.2616905109881,21.0079522580271,"Madd",228355,"2"
"ENSMUSG00000040822",37.9159494313316,-1.10712877517014,0.345729676267923,-3.20229604563126,0.00136336805566896,0.0135598360459945,26.1888236833388,23.0880949828738,21.8276369060001,67.419472944965,47.6801757015862,41.2914923692257,"1700123O20Rik",58248,"14"
"ENSMUSG00000043583",41.224306041857,-1.09730317233526,0.323515357971835,-3.39181168774929,0.000694321419305133,0.00812772257060994,26.1888236833388,31.1689282268797,21.8276369060001,53.935578355972,54.0986608921843,60.1262081867672,"4930470P17Rik",NA,"2"
"ENSMUSG00000044145",36.8608648944951,-1.16786699658021,0.342566417315029,-3.40916954362816,0.000651609692664652,0.00773071750130494,27.8256251635474,23.0880949828738,16.8668103364547,52.4373678460839,49.5140286131857,51.4332624248249,"1810024B03Rik",329509,"2"
"ENSMUSG00000044551",109.017043476883,-1.27415141516843,0.269473114663809,-4.72830626074903,2.26400511908971e-06,8.44977219929961e-05,84.2952762307467,63.492261202903,42.6631084980912,166.30136659758,129.286630267763,168.063618064217,"9930012K11Rik",268759,"14"
"ENSMUSG00000045246",20.7918468902496,-1.34195227955536,0.438309554850885,-3.06165417729006,0.00220117599530816,0.0198541556233697,13.0944118416694,8.08083324400584,13.8903143947274,29.9642101977622,25.6739407623926,34.0473709009405,"Kcng4",66733,"8"
"ENSMUSG00000046242",11.338511651766,-2.66548387851801,0.689736912144415,-3.86449359398634,0.000111319911342895,0.00192085395406961,6.54720592083469,0,1.9843306278182,22.4731576483217,21.0893084833939,15.9370672302274,"Nme9",69797,"9"
"ENSMUSG00000046372",16.5467716132957,-1.34882845908487,0.483081278509254,-2.79213564898901,0.00523614000646207,0.0385519033509891,9.82080888125204,6.92642849486215,10.9138184530001,25.4695786680979,26.5908672181923,19.55912796437,"Gm5590",NA,"7"
"ENSMUSG00000047415",60.6206511582324,-1.16862838116717,0.286554117980582,-4.07821178562284,4.53834169019934e-05,0.000957722432496098,45.8304414458428,35.7865472234544,29.7649594172729,86.8962095735104,80.6895281103766,84.7562211789369,"Gpr68",238377,"12"
"ENSMUSG00000048307",101.786964695652,-1.21541070922467,0.271567072671053,-4.47554520240709,7.62165710368723e-06,0.000221153885251566,40.9200370052168,68.1098801994778,76.3967291710005,116.860419771273,161.379056220753,147.05566580619,"Ankrd46",68839,"15"
"ENSMUSG00000049044",12.4407041960339,-1.79351734431855,0.573407093535882,-3.12782552664098,0.00176104685973389,0.0165012639111242,4.91040444062602,5.77202374571846,5.95299188345459,23.9713681582098,13.753896836996,20.2835401111986,"Rapgef4",56508,"2"
"ENSMUSG00000050967",14.3435061426556,-2.67898389823514,0.607070309854652,-4.41297137209124,1.019614832702e-05,0.000280633585832947,4.09200370052168,1.15440474914369,5.95299188345459,31.4624207076503,23.8400878507931,19.55912796437,"Creg2",263764,"1"
"ENSMUSG00000051007",48.7884629894116,-1.25795216123629,0.37957463171358,-3.31411020688419,0.000919352638222972,0.010062985327453,17.1864155421911,25.3969044811612,44.6474391259094,43.4481047867552,99.0280572263713,63.0238567740813,"Gatd1",213350,"7"
"ENSMUSG00000052428",36.512382448551,-1.0848707640775,0.337600136971779,-3.2134784476352,0.00131137639515323,0.0132367275079525,27.0072244234431,23.0880949828738,19.843306278182,50.9391573361958,46.7632492457865,51.4332624248249,"Tmco1",68944,"1"
"ENSMUSG00000053161",160.931075426395,-1.00481751300629,0.219232143411365,-4.58334940018747,4.57586480707822e-06,0.000146225622653204,117.849706575024,83.1171419383458,119.059837669092,221.73515546344,207.22537901074,216.599231901728,"Daw1",71227,"1"
"ENSMUSG00000053205",462.950284082123,-1.01937868833345,0.170868095499062,-5.96588078866395,2.43317888409165e-09,2.25078194067516e-07,287.258659776622,319.770115512803,311.539908567457,603.778835484908,607.005313739424,648.348871411526,"Styx",56291,"14"
"ENSMUSG00000055917",25.4881148913895,-1.40650027798783,0.417281158796087,-3.37062972611985,0.000749965859667704,0.00859909596597554,9.82080888125204,15.007261738868,17.8589756503638,25.4695786680979,44.929396334187,39.8426680755686,"Zfp277",246196,"12"
"ENSMUSG00000056553",15.5834850317517,-3.68716693451499,0.687357819660741,-5.36426127564078,8.12811790382245e-08,4.85438031896736e-06,2.45520222031301,3.46321424743107,0.992165313909098,23.9713681582098,25.6739407623926,36.9450194882545,"Ptprn2",19276,"12"
"ENSMUSG00000056682",24.0643391010165,-1.43963069045832,0.417903871828283,-3.44488478692504,0.000571302846921038,0.00693169519296798,18.0048162822954,11.5440474914369,8.92948782518188,34.4588417274265,36.6770582319894,34.771783047769,"4930465K10Rik",67640,"18"
"ENSMUSG00000058101",54.07863627037,-1.13838405042721,0.306761798490851,-3.71097071417504,0.000206465991582624,0.00313986538249817,36.8280333046951,41.5585709691729,22.8198022199092,79.4051570240699,77.9387487429774,65.9215053613953,"1700084J12Rik",73486,"15"
"ENSMUSG00000058270",20.1981848158244,-1.49274670138676,0.46130161105144,-3.23594512922762,0.00121240687592496,0.0124926648195182,9.82080888125204,11.5440474914369,10.9138184530001,23.9713681582098,22.9231613949934,42.0159045160542,"Olfr25",18323,"9"
"ENSMUSG00000058603",16.7792772858175,-2.20256977058815,0.531733729973265,-4.14224196516346,3.43927213805592e-05,0.000769333911172763,9.0024081411477,2.30880949828738,5.95299188345459,32.9606312175384,22.9231613949934,27.5276615794838,"Rpl28-ps1",NA,"1"
"ENSMUSG00000058626",141.848590555063,-1.31015908087197,0.22846535415794,-5.73460726988936,9.77385509117375e-09,7.61061640422219e-07,96.5712873323117,66.9554754503341,79.3732251127278,224.731576483217,194.388408629544,189.071570322244,"Capn11",268958,"17"
"ENSMUSG00000059027",10.2936310726857,-1.69797937238647,0.619412100514004,-2.74127575321413,0.00612011206846817,0.0434984048401871,5.72880518073036,5.77202374571846,2.97649594172729,17.9785261186573,11.9200439253965,17.3858915238845,"9630013D21Rik",NA,"4"
"ENSMUSG00000059474",207.63162704261,-1.11104750932333,0.209550572157838,-5.3020495142646,1.14509771394222e-07,6.55262194168888e-06,120.304908795337,158.153450632686,116.083341727364,305.634944017175,286.997980665317,258.615136417782,"Mbtd1",103537,"11"
"ENSMUSG00000059659",856.845591712236,-1.16022905884773,0.159420954598112,-7.27777011354987,3.39383008534186e-13,1.1929797582846e-10,504.953256644376,559.88630333469,524.855451057913,1200.06661842038,1182.83512798166,1168.4767928344,"Gm10069",791299,"6"
"ENSMUSG00000059864",24.438331110034,-1.64415740917442,0.433400405348576,-3.79362222296967,0.000148465499636253,0.00241929939341035,16.3680148020867,12.6984522405806,5.95299188345459,41.9498942768671,38.5109111435888,31.1497223136264,"Olfr1393",258463,"11"
"ENSMUSG00000062981",23.8781480725349,-1.15327579825453,0.41426608085734,-2.7839011001523,0.00537094084375586,0.0394029130594683,16.3680148020867,15.007261738868,12.8981490808183,31.4624207076503,42.1786169667878,25.3544251389982,"Mrpl42",67270,"10"
"ENSMUSG00000063268",19.7366800042062,-1.33677601213015,0.459842124978635,-2.90703252163394,0.00364875261277426,0.0296307613168064,14.7312133218781,11.5440474914369,6.94515719736368,32.9606312175384,21.0893084833939,31.1497223136264,"Parp10",671535,"15"
"ENSMUSG00000065036",27.1974555122097,-1.28260562625497,0.406475397339886,-3.15543236970497,0.00160260415837586,0.0153917556288043,14.7312133218781,13.8528569897243,18.8511409642729,35.9570522373146,52.2648079805849,27.5276615794838,"Gm22362",115486329,"6"
"ENSMUSG00000065968",349.338132141819,-1.22839610020196,0.231769369905998,-5.30007956055703,1.15752228575167e-07,6.59305401926054e-06,252.88582869224,197.403212103571,175.61326056191,548.345046619048,346.5982002923,575.183244581845,"Ifitm7",74482,"16"
"ENSMUSG00000068776",108.414132442037,-1.16294799264044,0.232842833023577,-4.99456211530756,5.89694102712871e-07,2.64781260791111e-05,70.3824636489729,64.6466659520467,65.4829107180004,155.813893028363,134.788189002561,159.370672302274,"4930469B13Rik",NA,"14"
"ENSMUSG00000068854",33.5889207909842,-1.16935936813453,0.362620455718696,-3.22474738998636,0.00126083867704635,0.0128411409302162,22.0968199828171,16.1616664880117,22.8198022199092,59.9284203955244,38.5109111435888,42.0159045160542,"H2bc21",319190,"3"
"ENSMUSG00000069713",730.023090083315,-1.44654104514704,0.170564165834436,-8.48091999905288,2.23420203149968e-17,2.29061563279504e-14,419.02117893342,399.424043203717,356.187347693366,1165.60777669295,1000.36676327751,1039.53143069893,"4933406P04Rik",NA,"10"
"ENSMUSG00000070283",151.983673379591,-1.19449879728569,0.255817296582771,-4.66934336826286,3.02163976271836e-06,0.00010591234758041,80.203272530225,92.3523799314953,105.169523274364,187.276313736014,286.081054209517,160.819496595931,"Ndufaf3",66706,"9"
"ENSMUSG00000070315",1414.06193093387,-1.29006331548133,0.173367654543784,-7.44119956445235,9.97750820880149e-14,4.09177611642949e-11,809.398331963189,883.119633094924,770.912448907369,1995.61639917096,1727.4894427267,2297.83532974007,"4930581F22Rik",78934,"9"
"ENSMUSG00000071104",13.7134071430823,-2.07531626281965,0.587216721963839,-3.53415729695014,0.00040907754777251,0.00535412879813318,9.82080888125204,2.30880949828738,2.97649594172729,22.4731576483217,26.5908672181923,18.110303670713,"Ccdc110",212392,"8"
"ENSMUSG00000071202",44.8243150746967,-1.02380163394876,0.315284286848167,-3.24723329596758,0.00116532825076042,0.0120783769748151,24.5520222031301,30.014523477736,34.7257859868184,55.4337888658601,56.8494402595835,67.3703296550524,"Ccdc78",381077,"17"
"ENSMUSG00000072595",15.9686264924906,-1.51860870861649,0.507801449170915,-2.99055607481214,0.00278469995971566,0.0240253601713757,7.36560666093903,8.08083324400584,8.92948782518188,32.9606312175384,21.0893084833939,17.3858915238845,"4930503E14Rik",74954,"14"
"ENSMUSG00000073102",43.5272944154388,-1.14222227797396,0.330429198522385,-3.45678373183048,0.000546663380909704,0.00671217522488232,23.7336214630258,24.2424997320175,32.7414553590002,76.4087360042936,50.4309550689854,53.6064988653105,"Drc1",381738,"5"
"ENSMUSG00000073423",23.253762604049,-1.68368995858276,0.422547779803052,-3.9846143774972,6.75897959840979e-05,0.00129526052958311,10.6392096213564,10.3896427422932,11.9059837669092,38.9534732570909,35.7601317761896,31.8741344604549,"Zfp414",328801,"17"
"ENSMUSG00000073733",18.1953434088459,-1.42035430883688,0.488283489882016,-2.90887228069105,0.00362735014975011,0.0294764127426523,9.82080888125204,10.3896427422932,9.92165313909098,14.9821050988811,39.4278375993886,24.6300129921697,"Cplane2",76166,"4"
"ENSMUSG00000073803",204.892460296493,-1.13329182798336,0.278523628268228,-4.06892526508365,4.72304925145265e-05,0.00098654796164044,191.505773184415,99.2788084263575,92.2713741935461,328.108101665496,208.14230546654,310.048398842607,"4930544L04Rik",NA,"7"
"ENSMUSG00000073976",38.5748847891654,-1.29692850260773,0.339814348113998,-3.81657958177988,0.000135314444590633,0.00224969406999805,22.0968199828171,21.9336902337301,22.8198022199092,59.9284203955244,43.0955434225875,61.5750324804242,"1700026J12Rik",73255,"16"
"ENSMUSG00000073985",123.252468101404,-1.00695199968848,0.246013112882928,-4.09308263241911,4.25675936731337e-05,0.000906071115848726,80.203272530225,101.587617924645,63.4985800901822,194.767366285454,153.126718118556,146.331253659361,"Gm10602",NA,"7"
"ENSMUSG00000074065",45.3794819613278,-1.18550393910554,0.357838332046333,-3.31295960476375,0.000923143119811055,0.0100954931582537,39.2832355250082,23.0880949828738,19.843306278182,74.9105254944055,41.2616905109881,73.8900389765091,"Gm10617",NA,"8"
"ENSMUSG00000074343",78.4294744001216,-1.29582752015898,0.257364099328069,-5.03499720257079,4.7785581168576e-07,2.2018951502509e-05,45.8304414458428,40.4041662200292,49.6082656954549,115.362209261384,106.363468872769,113.008294905249,"Gldnos",73567,"9"
"ENSMUSG00000074739",36.3675305696307,-1.32530075300727,0.359490910078738,-3.68660435034921,0.000227266275769697,0.00340982559852997,19.6416177625041,25.3969044811612,16.8668103364547,67.419472944965,40.3447640551883,48.5356138375109,"Gm10750",NA,"2"
"ENSMUSG00000075029",57.5133600844392,-1.0291695954425,0.318919958275323,-3.22704668910692,0.00125075049655867,0.0127595218566844,38.4648347849038,39.2497614708855,35.7179513007275,86.8962095735104,47.6801757015862,97.0712276750217,"4930558J22Rik",NA,"13"
"ENSMUSG00000077166",15.9677277986104,-1.56420378768502,0.492500759751674,-3.17604340036696,0.00149298613215132,0.0146127353889082,8.18400740104336,6.92642849486215,8.92948782518188,25.4695786680979,23.8400878507931,22.4567765516841,"Gm24120",115485623,"7"
"ENSMUSG00000078670",144.276983726424,-1.10780192789959,0.231390194306349,-4.78759236630794,1.68794057984084e-06,6.65600415185315e-05,70.3824636489729,107.359641670363,98.2243660770007,178.287050676685,213.643864201338,197.764516084186,"Fam174b",100038347,"7"
"ENSMUSG00000079382",33.564922918868,-2.18809810082508,0.46430541845804,-4.71262667597497,2.44543965448257e-06,8.93761249542546e-05,18.8232170223997,8.08083324400584,8.92948782518188,31.4624207076503,93.5264984915729,40.5670802223971,"Gm3443",118568407,"19"
"ENSMUSG00000079427",28.6050011570062,-1.3604300193285,0.383720730996213,-3.54536492150571,0.00039206988105705,0.00516449223409517,13.9128125817737,17.3160712371554,16.8668103364547,43.4481047867552,46.7632492457865,33.3229587541119,"Mthfsl",100039707,"9"
"ENSMUSG00000079547",13.6099068798631,-1.68021775813147,0.555699548363835,-3.0236082845102,0.00249779621649538,0.0218770656125653,9.82080888125204,2.30880949828738,6.94515719736368,16.4803156087692,22.9231613949934,23.1811886985126,"H2-DMb1",14999,"17"
"ENSMUSG00000079685",99.4236772554111,-1.63436123277742,0.252155066347422,-6.48157205981172,9.07717962865294e-11,1.29856442989904e-08,59.7432540276166,45.021785216604,39.6866125563639,155.813893028363,144.874380016358,151.402138687161,"Ulbp1",77777,"10"
"ENSMUSG00000080768",26.6546684116891,-1.11505581506333,0.395787515957915,-2.81730921291083,0.00484278770363101,0.0364408667386987,13.0944118416694,19.6248807354428,17.8589756503638,43.4481047867552,27.507793673992,38.3938437819116,"Gm12219",NA,"11"
"ENSMUSG00000082286",67.3051101515431,-1.03361662515105,0.277914246534487,-3.71919265759118,0.0001998605709185,0.00305389404232959,43.3752392255298,49.6394042131787,40.678777870273,70.4158939647412,99.0280572263713,100.693288409164,"Pisd-ps1",NA,"11"
"ENSMUSG00000082310",270.117147637833,-1.13142424379209,0.203125997911883,-5.57006122024275,2.54649842310285e-08,1.77003220900759e-06,198.052979105249,169.697498124123,138.903143947274,406.015048179678,342.930494469101,365.103722001574,"Gm12904",NA,"4"
"ENSMUSG00000082766",54.7506805327097,-1.70341555876394,0.30555867118776,-5.57475771229948,2.47874606675353e-08,1.74262930624392e-06,25.3704229432344,26.5513092303049,24.8041328477274,100.380104162503,72.437190008179,78.9609240043087,"1700064H15Rik",NA,"3"
"ENSMUSG00000084401",33.9455460568844,-2.94061925637465,0.822174618911435,-3.57663589794107,0.000348044415777828,0.00470031882251879,7.36560666093903,8.08083324400584,7.93732251127278,88.3944200833985,78.8556751987772,13.0394186429134,"Gm12586",NA,"11"
"ENSMUSG00000084829",266.067933542952,-1.01027087953151,0.223773850065591,-4.51469588263055,6.34076909891055e-06,0.000189806526092206,224.241802788588,160.462260130973,143.863970516819,368.559785432475,294.333392311715,404.946390077143,"Gm14266",NA,"2"
"ENSMUSG00000084837",594.89783124083,-1.27933476794487,0.26863866410126,-4.76228830360267,1.91409953304868e-06,7.40539828776663e-05,520.502870706358,309.380472770509,209.34688123482,1029.27062029313,734.458091095587,766.428051344574,"1700108N11Rik",NA,"2"
"ENSMUSG00000084862",602.793715747501,-1.00361135939063,0.181054104779425,-5.54315717179297,2.97065986190239e-08,2.01922808182238e-06,455.030811498011,413.276900193442,334.359710787366,843.492517067006,762.882811225379,807.7195437138,"Gm16278",NA,"17"
"ENSMUSG00000085027",128.520920314331,-1.32269298559911,0.290314431754222,-4.55607038756823,5.21194774232496e-06,0.000159906715894823,111.30250065419,50.7938089623224,56.5534228928186,196.265576795342,143.957453560558,212.252759020756,"Gm11840",NA,"4"
"ENSMUSG00000085084",21.5061436928429,-2.0698078071981,0.45730405287007,-4.52610860150452,6.00797137098305e-06,0.000181611969968561,10.6392096213564,8.08083324400584,5.95299188345459,32.9606312175384,33.0093524087904,38.3938437819116,"4930570G19Rik",329782,"3"
"ENSMUSG00000085293",234.08952672685,-1.57515578129869,0.224148203157662,-7.02729604390694,2.10574282234684e-12,5.18139078866664e-10,83.4768754906423,139.682974646387,130.965821436001,371.556206452251,355.767464850297,323.08781748552,"Gm13817",NA,"2"
"ENSMUSG00000085312",150.193248769827,-1.69206025365532,0.251082540674621,-6.73905978929883,1.59414799174689e-11,3.05298432714335e-09,70.3824636489729,88.8891656840643,53.5769269510913,280.165365349077,184.302217615747,223.843353370013,"Gm12763",NA,"7"
"ENSMUSG00000085482",98.3183665053752,-1.17253326674529,0.248484204167968,-4.71874367496091,2.37305599374563e-06,8.74122990750073e-05,64.6536584682426,55.4114279588972,60.522084148455,151.319261498699,110.948101151768,147.05566580619,"A230083N12Rik",NA,"4"
"ENSMUSG00000085818",51.1626329385098,-1.13750499526105,0.360911589165544,-3.15175524812338,0.00162292246486733,0.0155196141502697,34.3728310843821,35.7865472234544,24.8041328477274,104.874735692168,37.5939846877891,69.543566095538,"Gm13267",NA,"2"
"ENSMUSG00000086211",1198.54098289987,-1.32185066864213,0.239531888467609,-5.51847470956203,3.41954671174307e-08,2.27247889970184e-06,983.717689605412,581.819993568421,487.153169129367,1884.74882143924,1420.31908003379,1833.48714362298,"Gm12462",NA,"4"
"ENSMUSG00000086231",16.9566732314717,-1.45832779940093,0.482010605371844,-3.02550977747868,0.00248214379178798,0.0217660834428849,9.82080888125204,11.5440474914369,5.95299188345459,23.9713681582098,22.9231613949934,27.5276615794838,"Rapgef4os3",NA,"2"
"ENSMUSG00000086247",36.5561000964496,-1.39053593134681,0.354470131596941,-3.92285783031209,8.75047914777654e-05,0.0015878634949129,18.0048162822954,18.4704759862991,23.8119675338183,62.9248414153006,40.3447640551883,55.7797353057961,"Gm15787",100504007,"5"
"ENSMUSG00000086272",24.6969714064608,-1.11942514939195,0.415388673121599,-2.69488607134999,0.00704127020318342,0.0485587148597341,18.0048162822954,16.1616664880117,11.9059837669092,44.9463152966433,23.8400878507931,33.3229587541119,"BC039966",NA,"4"
"ENSMUSG00000086788",81.9508863361681,-1.33948442413135,0.262341031431314,-5.10588990530082,3.2924134881233e-07,1.60093997980542e-05,50.7408458864689,47.3305947148914,41.6709431841821,103.37652518228,110.948101151768,137.638307897419,"1700029M20Rik",73937,"4"
"ENSMUSG00000086796",3008.51302190373,-1.15561037020905,0.183840885077287,-6.28592692927488,3.25903217983015e-10,3.89280319499518e-08,2123.74992057075,1793.9449801693,1672.79071925074,4789.77900011229,3391.71096000322,4279.10255131607,"4932702P03Rik",73326,"13"
"ENSMUSG00000086955",22.8989703931098,-1.29733165701257,0.444586466454498,-2.91806376239603,0.00352212319586171,0.0288307928667243,10.6392096213564,16.1616664880117,12.8981490808183,35.9570522373146,42.1786169667878,19.55912796437,"1700021L23Rik",NA,"4"
"ENSMUSG00000086978",39.0664366670325,-1.10684759481314,0.367522478041306,-3.01164598342946,0.00259835431198631,0.0226559554219472,29.4624266437561,33.4777377251671,11.9059837669092,43.4481047867552,59.6002196269827,56.5041474526246,"4933435F18Rik",NA,"4"
"ENSMUSG00000087060",15.2325281828967,-2.16354936194455,0.55196338342224,-3.91973349487475,8.86469404342299e-05,0.00160345704673562,6.54720592083469,5.77202374571846,3.96866125563639,34.4588417274265,21.0893084833939,19.55912796437,"Eldr",72735,"11"
"ENSMUSG00000087094",13.1843869445441,-1.66477562481322,0.547981504368893,-3.03801426059175,0.00238142684723617,0.0210706819703642,8.18400740104336,3.46321424743107,6.94515719736368,20.9749471384335,19.2554555717944,20.2835401111986,"Gm13093",NA,"4"
"ENSMUSG00000087162",2103.04381896498,-1.42093491480191,0.160963025582583,-8.8277100263184,1.06840619021627e-18,1.31446013582307e-15,1027.91132957105,1225.9778435906,1178.69239292401,2915.51765224226,3289.93212340945,2980.23157205253,"Gm14244",NA,"2"
"ENSMUSG00000087289",11.6727913385874,-2.21291928849054,0.656466458776212,-3.37095560467153,0.000749079283406614,0.00859694255946975,6.54720592083469,5.77202374571846,0,20.9749471384335,12.8369703811963,23.9056008453412,"4933424M12Rik",67548,"4"
"ENSMUSG00000087314",30.4148935310938,-1.19564742088093,0.368391577222196,-3.24558837608759,0.00117208177866922,0.0121356106384412,17.1864155421911,19.6248807354428,18.8511409642729,43.4481047867552,34.8432053203899,48.5356138375109,"Prkag2os2",NA,"5"
"ENSMUSG00000087373",235.502254573272,-1.05355711208919,0.196709470108048,-5.35590437771245,8.51295242449089e-08,5.03532950377459e-06,164.498548760972,141.991784144674,151.801293028092,331.104522685272,341.096641557501,282.520737263123,"Gm15892",NA,"11"
"ENSMUSG00000087578",23.4913620176636,-1.37963873185812,0.429651419023609,-3.2110652281642,0.00132243913557718,0.0133251176781376,13.9128125817737,11.5440474914369,12.8981490808183,47.9427363164195,25.6739407623926,28.9764858731408,"Ccdc142os",NA,"6"
"ENSMUSG00000087603",21.1923377162123,-1.32447523543585,0.469120483452361,-2.82331571985248,0.00475297409136882,0.0358967711762496,10.6392096213564,17.3160712371554,8.92948782518188,28.4659996878741,18.3385291159947,43.4647288097112,"Gm11339",NA,"13"
"ENSMUSG00000089701",27.7662422026411,-1.2375299307206,0.38415385839482,-3.22144344948556,0.00127546630405303,0.0129686462303839,17.1864155421911,20.7792854845864,11.9059837669092,37.4552627472028,39.4278375993886,39.8426680755686,"Gm15978",NA,"17"
"ENSMUSG00000090120",17.5997205230184,-1.48910392210675,0.490209564084294,-3.03768843206553,0.00238400303200415,0.0210706819703642,6.54720592083469,9.23523799314953,11.9059837669092,32.9606312175384,17.421602660195,27.5276615794838,"A730090N16Rik",NA,"3"
"ENSMUSG00000090626",392.342162758103,-1.14101331616571,0.20536302533025,-5.55607960260037,2.75901086750376e-08,1.88578392793882e-06,185.776968003684,252.814640062468,296.65742885882,545.348625599272,572.162108419034,501.293205605336,"Tex9",21778,"9"
"ENSMUSG00000090724",239.883242745503,-1.42523095553682,0.208560179609412,-6.83366766468063,8.27706534621168e-12,1.66938909761381e-09,144.038530258363,137.374165148099,108.146019216092,397.025785120349,307.170362692911,345.544594037204,"4930542C12Rik",NA,"9"
"ENSMUSG00000092536",17.7646039507779,-2.0804570093826,0.495955666475548,-4.1948447210355,2.73058583558281e-05,0.000633856557267459,6.54720592083469,8.08083324400584,5.95299188345459,25.4695786680979,33.0093524087904,27.5276615794838,"Gm20501",NA,"7"
"ENSMUSG00000092593",123.046419056497,-1.06530497680566,0.22988050411888,-4.63416843846292,3.58375114736201e-06,0.000121244112125358,85.113676970851,66.9554754503341,85.3262169961824,187.276313736014,154.960571030155,158.646260155446,"Gm20492",NA,"10"
"ENSMUSG00000093394",364.998084441152,-1.00401472860891,0.185375893909401,-5.41610188593134,6.0912399719404e-08,3.78487501892842e-06,261.069836093283,210.101664344152,255.978650988547,524.373678460839,450.21088979767,488.253786962423,"Gm20621",NA,"15"
"ENSMUSG00000093859",12.3496018000555,-4.15064603559205,0.850269300781858,-4.88156638346857,1.05246481279627e-06,4.37448465940286e-05,0.818400740104336,2.30880949828738,0.992165313909098,25.4695786680979,25.6739407623926,18.8347158175415,"Gm7882",NA,"5"
"ENSMUSG00000094696",94.2587616782042,-1.77212860793176,0.263030366410559,-6.73735368320813,1.61297229345946e-11,3.05298432714335e-09,54.0144488468862,41.5585709691729,31.7492900450911,149.821050988811,138.45589482576,149.953314393504,"Gm6632",NA,"5"
"ENSMUSG00000095331",67.9876272967687,-2.22720594972403,0.3741836693678,-5.9521730424179,2.6460538241487e-09,2.42943285063444e-07,40.1016362651125,15.007261738868,14.8824797086365,146.824629969035,120.117365709765,70.992390389195,"Ptma-ps1",NA,"7"
"ENSMUSG00000096995",40.800374419877,-1.31006403255498,0.328169690339705,-3.99203238787491,6.55094228280699e-05,0.00126326399538204,27.0072244234431,21.9336902337301,20.8354715920911,64.4230519251887,54.0986608921843,56.5041474526246,"2810029C07Rik",100504687,"12"
"ENSMUSG00000097204",131.626243019667,-1.00175334475415,0.221370737386136,-4.52522928993455,6.0330061030976e-06,0.000181921750211789,97.389688072416,79.6539276909147,85.3262169961824,181.283471696461,161.379056220753,184.725097441273,"Gm17690",NA,"3"
"ENSMUSG00000097287",4190.26121557835,-1.46256729631946,0.151845823381033,-9.631923116182,5.86219168237881e-22,2.40408480894355e-18,2214.59240272233,2277.6405700605,2201.61483156429,6076.74182810618,6622.04286378568,5748.93479723114,"D130017N08Rik",NA,"5"
"ENSMUSG00000097299",128.502739698509,-2.24554450431788,0.246055030985741,-9.12618813491367,7.09536352811856e-20,1.20821224949111e-16,49.9224451463645,41.5585709691729,41.6709431841821,251.699365661203,193.471482173744,192.693631056386,"Gm26654",NA,"3"
"ENSMUSG00000097363",84.6208736944361,-1.06342580598206,0.267140479450619,-3.98077374184933,6.86913092824995e-05,0.00131228133245744,63.8352577281382,36.9409519725981,62.5064147762731,118.358630281161,107.280395328569,118.803592079877,"Gm26717",NA,"18"
"ENSMUSG00000097425",57.7767413129221,-1.57825708161119,0.368451231951456,-4.28348976675189,1.8398456440222e-05,0.000461951448130717,39.2832355250082,31.1689282268797,16.8668103364547,64.4230519251887,62.3509989943819,132.567422869619,"Vmn1r181",404289,"7"
"ENSMUSG00000097539",95.2447026823609,-1.01135782049161,0.263763462442509,-3.83433630695552,0.000125903784289156,0.00213066610468981,50.7408458864689,62.3378564537594,76.3967291710005,145.326419459147,99.0280572263713,137.638307897419,"4930477E14Rik",NA,"3"
"ENSMUSG00000097561",90.4487207616848,-1.71302599077164,0.26195868146884,-6.53929841594277,6.18080887941262e-11,1.02760123842451e-08,50.7408458864689,31.1689282268797,43.6552738120003,148.322840478923,134.788189002561,134.016247163276,"4632411P08Rik",NA,"5"
"ENSMUSG00000097573",176.726252382541,-1.58925066387466,0.221554788175748,-7.17317227472416,7.32795432013159e-13,2.34344613925738e-10,72.8376658692859,93.506784680639,99.2165313909098,260.688628720531,235.650099140532,298.45780449335,"G730003C15Rik",NA,"1"
"ENSMUSG00000097767",11.776480955249,-1.60962418995562,0.56927914844497,-2.82747786275404,0.00469162591076627,0.035718486126335,5.72880518073036,4.61761899657477,6.94515719736368,19.4767366285454,16.5046762043952,17.3858915238845,"Miat",330166,"5"
"ENSMUSG00000097835",54.8984150367936,-1.10746332429647,0.289000531039141,-3.83204598384104,0.00012708197815804,0.00214176654421695,36.8280333046951,33.4777377251671,33.7336206729093,80.903367533958,66.9356312733806,77.5120997106517,"Gm26910",NA,"18"
"ENSMUSG00000097881",19.5280320454016,-1.37240645248068,0.459659040881049,-2.98570533900547,0.00282925118001479,0.0243051526485075,14.7312133218781,10.3896427422932,6.94515719736368,34.4588417274265,23.8400878507931,26.8032494326553,"Celrr",98452,"1"
"ENSMUSG00000097908",243.245127589797,-1.58667520516122,0.222276814822861,-7.13828478433836,9.4502685804062e-13,2.7682536748747e-10,136.672923597424,123.521308158375,105.169523274364,290.652838918293,355.767464850297,447.686706740026,"4933404O12Rik",66752,"5"
"ENSMUSG00000098406",48.806101151305,-1.95740079820819,0.336824881786566,-5.81133076578508,6.1978167739568e-09,5.08344931799937e-07,23.7336214630258,12.6984522405806,22.8198022199092,73.4123149845174,93.5264984915729,66.6459175082239,"Mir7222",102465704,"2"
"ENSMUSG00000098627",478.909931615605,-1.28294977759381,0.192692814676223,-6.65800528031891,2.77568806689968e-11,5.02195445398041e-09,303.626674578709,295.527615780785,237.127510024274,744.610623414391,570.328255507435,722.238910388035,"4930524O08Rik",74700,"9"
"ENSMUSG00000098727",47.4580452881601,-1.58060006798026,0.32375333737149,-4.88211204496899,1.04955588088284e-06,4.37448465940286e-05,21.2784192427127,24.2424997320175,25.7962981616365,80.903367533958,55.0155873479841,77.5120997106517,"1700017I07Rik",NA,"9"
"ENSMUSG00000099098",73.1338874050314,-1.7496355188075,0.28076785598263,-6.23160907321152,4.61668378940013e-10,5.21092299642108e-08,38.4648347849038,27.7057139794486,33.7336206729093,119.856840791049,94.4434249473726,124.598889254505,"1110035H17Rik",NA,"7"
"ENSMUSG00000099223",21.3721081891092,-2.33318783334563,0.482692509857878,-4.83369388522852,1.34022622678591e-06,5.42394844346942e-05,6.54720592083469,3.46321424743107,10.9138184530001,37.4552627472028,39.4278375993886,30.4253101667979,"Mir7221",102466819,"2"
"ENSMUSG00000099491",299.941714104469,-1.69907310314333,0.265980226612111,-6.38796772521421,1.68104805953832e-10,2.20020577409573e-08,155.496140619824,105.050832172076,161.722946167183,584.302098856363,278.745642563119,514.332624248249,"4930533D04Rik",NA,"9"
"ENSMUSG00000099907",13.6386178583942,-1.75664495296879,0.544948952445137,-3.22350367880676,0.00126632671934405,0.0128863669380396,4.09200370052168,6.92642849486215,7.93732251127278,19.4767366285454,23.8400878507931,19.55912796437,"Gm10421",100038689,"12"
"ENSMUSG00000100000",103.106696995309,-1.28314161571624,0.300405538264666,-4.27136471294267,1.94280373692587e-05,0.000482632104977322,88.3872799312683,51.9482137114661,38.6944472424548,158.81031404814,109.114248240168,171.685678798359,"1700023F02Rik",NA,"10"
"ENSMUSG00000100253",207.144937757229,-1.11492994724717,0.223003162499707,-4.99961495949023,5.74449140994196e-07,2.58880871122769e-05,122.76011101565,131.602141402381,138.903143947274,244.208313111762,361.269023585095,244.126893481211,"1700020N18Rik",67086,"1"
"ENSMUSG00000100372",17.9548104025759,-1.81102149647182,0.480564337962374,-3.76853077394524,0.000164211242914962,0.00262035138986094,8.18400740104336,6.92642849486215,8.92948782518188,22.4731576483217,29.3416465855915,31.8741344604549,"1700003I22Rik",69356,"1"
"ENSMUSG00000100905",22.7777577554786,-1.18195563949277,0.416851102215281,-2.83543844123592,0.00457628334972413,0.0351010062666185,15.5496140619824,15.007261738868,10.9138184530001,37.4552627472028,26.5908672181923,31.1497223136264,"Gm28075",NA,"7"
"ENSMUSG00000101275",82.9732393627595,-2.55027885428537,0.340351666868179,-7.49306997010569,6.72810089859824e-14,3.06577130946126e-11,40.9200370052168,17.3160712371554,12.8981490808183,149.821050988811,114.615806974967,162.268320889589,"1700012E03Rik",NA,"1"
"ENSMUSG00000101537",14.2122713217134,-2.44306725036094,0.590565971953353,-4.13682360038501,3.52146612019642e-05,0.000783446612599937,6.54720592083469,2.30880949828738,3.96866125563639,26.967789177986,16.5046762043952,28.9764858731408,"Gm29571",102640597,"10"
"ENSMUSG00000102060",43.8660984553538,-1.55920181811048,0.323068841940706,-4.82622158405682,1.3914768766803e-06,5.59455556006463e-05,18.8232170223997,24.2424997320175,23.8119675338183,68.9176834548531,65.1017783617811,62.2994446272527,"1700061E17Rik",NA,"9"
"ENSMUSG00000102249",159.653996022765,-1.04032047523483,0.257891554128796,-4.03394550375725,5.48480434294501e-05,0.00110803855223731,128.488916196381,99.2788084263575,84.3340516822733,257.692207700755,147.625159383757,240.504832747069,"4930423C22Rik",NA,"12"
"ENSMUSG00000102413",58.2338209951529,-1.41963662827024,0.303176712183243,-4.68253850385515,2.83343943082498e-06,0.000101042913963593,35.1912318244865,26.5513092303049,32.7414553590002,94.387262122951,64.1848519059814,96.3468155281932,"Gm36937",NA,"1"
"ENSMUSG00000102880",1924.2429751915,-1.61108399319273,0.211731763351907,-7.60908031788803,2.76053169761689e-14,1.41511756149086e-11,1269.33954790183,848.487490620613,727.257175095369,3222.65080676933,2596.73572282485,2880.98710793703,"4930517J16Rik",NA,"4"
"ENSMUSG00000102925",44.2893805957764,-1.21396274136133,0.329702045431599,-3.68199942397138,0.000231411933765606,0.00345517114213379,35.1912318244865,23.0880949828738,20.8354715920911,70.4158939647412,53.1817344363846,63.0238567740813,"Gm37150",NA,"9"
"ENSMUSG00000103341",30.3190993757874,-1.2655412309154,0.375510400826235,-3.37018955568429,0.000751164922361042,0.00860482499051015,22.0968199828171,17.3160712371554,13.8903143947274,41.9498942768671,36.6770582319894,49.9844381311679,"1700051O22Rik",NA,"8"
"ENSMUSG00000103408",39.0777595516617,-1.24220917207434,0.341289566745122,-3.63975138156519,0.000272901404538911,0.00388600229171553,19.6416177625041,20.7792854845864,28.7727941033638,65.9212624350769,52.2648079805849,47.0867895438538,"Gm37933",NA,"3"
"ENSMUSG00000103545",217.298761100096,-1.358475933017,0.292663542769361,-4.64176685678807,3.45442510097783e-06,0.000118383821775293,193.960975404728,92.3523799314953,77.3888944849096,373.054416962139,247.570143065928,319.465756751377,"1700012J22Rik",NA,"13"
"ENSMUSG00000103668",45.3503929728639,-1.23939873357905,0.313346184290645,-3.95536564897004,7.64176835581393e-05,0.00143099963594488,29.4624266437561,25.3969044811612,25.7962981616365,67.419472944965,55.9325138037838,68.0947418018809,"Gm38186",NA,"3"
"ENSMUSG00000103794",18.6930816452276,-3.02167366540579,0.624349314793817,-4.83971647570984,1.30024491950503e-06,5.27950932167339e-05,1.63680148020867,10.3896427422932,0.992165313909098,34.4588417274265,45.8463227899867,18.8347158175415,"4930590H14Rik",NA,"9"
"ENSMUSG00000103925",164.050579364328,-1.60593287893427,0.264762187297784,-6.06556735055238,1.31488653783872e-09,1.28533766501268e-07,112.120901394294,69.2642849486215,60.522084148455,277.1689443293,187.052996983146,278.174264382152,"B230112G18Rik",NA,"8"
"ENSMUSG00000104168",67.1122564703575,-1.19739995291642,0.29460906385563,-4.06436902261497,4.81625750912592e-05,0.00100142847983258,40.9200370052168,36.9409519725981,43.6552738120003,115.362209261384,65.1017783617811,100.693288409164,"Gm38250",NA,"8"
"ENSMUSG00000104388",140.810474740951,-1.64884787937065,0.22621680460434,-7.28879484552234,3.12739844719342e-13,1.14946309296694e-10,73.6560666093903,54.2570232097535,75.4045638570914,218.738734443664,212.726937745538,210.079522580271,"Gm37033",NA,"1"
"ENSMUSG00000104604",20.997519958872,-2.01360890506124,0.454432876040492,-4.43103703809013,9.37809777379532e-06,0.000262224402070463,9.0024081411477,6.92642849486215,8.92948782518188,32.9606312175384,34.8432053203899,33.3229587541119,"Gm42915",NA,"5"
"ENSMUSG00000104705",2184.69081086541,-1.84230878845695,0.244134999966757,-7.54627066462329,4.47898715210785e-14,2.11942226663011e-11,607.253349157418,896.972490084648,1355.29781879983,3137.2528077057,4001.46705311004,3109.90134633484,"4930405N21Rik",NA,"5"
"ENSMUSG00000104839",89.338464474376,-1.26742205095416,0.262472687312056,-4.82877690602263,1.37374207291995e-06,5.54136023709315e-05,63.8352577281382,48.484999464035,43.6552738120003,148.322840478923,110.031174695968,121.701240667191,"Gm42794",NA,"5"
"ENSMUSG00000105174",200.650771403666,-1.77135294195738,0.505953077518008,-3.50102217116039,0.000463477283741994,0.00588623028878828,42.5568384854255,87.7347609349206,142.87180520291,277.1689443293,390.610670170687,262.961609298753,"Gm43353",NA,"5"
"ENSMUSG00000105265",31.1520986427101,-1.0696946497823,0.36837320715874,-2.90383401668336,0.00368623530760723,0.0298563219153994,25.3704229432344,20.7792854845864,13.8903143947274,43.4481047867552,38.5109111435888,44.9135531033683,"Sox2ot",320478,"3"
"ENSMUSG00000105858",60.4644587962843,-1.24608597912624,0.289158576844696,-4.30935161157438,1.63733874710842e-05,0.000415343888776803,37.6464340447995,31.1689282268797,37.7022819285457,103.37652518228,76.104895831378,76.7876875638232,"2310074N15Rik",NA,"5"
"ENSMUSG00000106040",25.6546695698734,-1.30867234313003,0.423113277544663,-3.09295976416597,0.00198171001584942,0.0183177898760296,9.0024081411477,17.3160712371554,18.8511409642729,29.9642101977622,30.2585730413912,48.5356138375109,"Cyp3a63-ps",NA,"5"
"ENSMUSG00000106099",178.818323503791,-1.02546330477868,0.235948944106546,-4.3461237288505,1.38564427535087e-05,0.000358896453045089,112.939302134398,126.984522405806,115.091176413455,175.290629656909,307.170362692911,235.433947719269,"Gm42664",NA,"3"
"ENSMUSG00000106271",38.9053313412368,-1.12485964131937,0.350998147571454,-3.204745236128,0.00135182075670596,0.0135215046908564,34.3728310843821,19.6248807354428,18.8511409642729,52.4373678460839,45.8463227899867,62.2994446272527,"Gm43752",NA,"5"
"ENSMUSG00000106413",17.5419287075727,-1.53981232923629,0.486059449414709,-3.16795060993148,0.00153517598546823,0.0149089996564511,4.91040444062602,10.3896427422932,11.9059837669092,28.4659996878741,25.6739407623926,23.9056008453412,"Gm42823",NA,"3"
"ENSMUSG00000106594",353.931305058361,-1.36584857858707,0.197055314998521,-6.93129529948134,4.17004538635708e-12,8.84552903247434e-10,202.144982805771,198.557616852715,191.487905584456,615.764519564013,434.623140049074,481.009665494137,"4930432H08Rik",NA,"5"
"ENSMUSG00000106621",155.439879686555,-1.6800962567143,0.230570536371655,-7.28669101938579,3.17660287416694e-13,1.14946309296694e-10,90.8424821515814,73.8819039451963,56.5534228928186,226.229786993105,243.902437242729,241.229244893897,"Gm42752",NA,"3"
"ENSMUSG00000106947",156.79197926684,-1.47616772965944,0.217827321934527,-6.77677949923626,1.22884212289568e-11,2.39975311714057e-09,86.7504784510597,68.1098801994778,93.2635395074552,226.229786993105,237.483952052131,228.914238397812,"1700025A08Rik",NA,"5"
"ENSMUSG00000107042",419.505131695409,-1.42427982260308,0.21824783336547,-6.52597462545265,6.7560758059758e-11,1.06070698722853e-08,193.960975404728,247.04261631675,243.080501907729,566.323572737706,784.889046164573,481.734077640966,"4921513H07Rik",NA,"6"
"ENSMUSG00000107108",30.2252450472705,-1.79453840626151,0.441627784770186,-4.06346355040896,4.83498753979155e-05,0.00100142847983258,19.6416177625041,15.007261738868,5.95299188345459,29.9642101977622,68.7694841849801,42.0159045160542,"Gm9936",791292,"5"
"ENSMUSG00000107131",91.7544072479165,-1.34025813816351,0.251821314212562,-5.32225853222338,1.02486776117264e-07,5.94761701212591e-06,47.4672429260515,55.4114279588972,52.5847616371822,151.319261498699,129.286630267763,114.457119198906,"Gm43763",NA,"5"
"ENSMUSG00000107204",19.7840340016128,-1.41520227333411,0.477283759154127,-2.96511717859879,0.00302567657869296,0.0254546936963957,15.5496140619824,9.23523799314953,6.94515719736368,31.4624207076503,36.6770582319894,18.8347158175415,"Gm43067",NA,"6"
"ENSMUSG00000107256",539.519147246284,-1.12726454563488,0.206120801840909,-5.46895090435823,4.52707114096893e-08,2.9160500653058e-06,274.982648675057,352.093448488826,390.913133680184,644.230519251887,904.089485418538,670.80564796321,"Gm13821",NA,"5"
"ENSMUSG00000107351",32.6351281364815,-1.22717572180856,0.362157049676468,-3.38851811087168,0.00070271388043141,0.00819043920379469,18.8232170223997,17.3160712371554,21.8276369060001,56.9319993757482,40.3447640551883,40.5670802223971,"Gm43764",NA,"2"
"ENSMUSG00000107428",13.2499334430285,-2.04653401972972,0.567805352353117,-3.60428800335963,0.000313009817220139,0.00432692110253862,4.91040444062602,6.92642849486215,3.96866125563639,16.4803156087692,24.7570143065928,22.4567765516841,"Gm44154",NA,"6"
"ENSMUSG00000107505",817.09985149544,-1.11731457978595,0.200003676757094,-5.58647019846009,2.3173129228387e-08,1.6385000511313e-06,433.752392255298,533.334994104385,581.408873950731,937.879779189957,1378.140463067,1038.08260640527,"Stambp-ps1",NA,"6"
"ENSMUSG00000107702",51.9684728731784,-1.0534420616749,0.316492118797791,-3.32849382056162,0.000873169420404866,0.0096693099723142,44.1936399656342,31.1689282268797,24.8041328477274,85.3979990636223,59.6002196269827,66.6459175082239,"Gm44140",NA,"6"
"ENSMUSG00000107810",2596.46451253401,-1.1729768192069,0.16934555189676,-6.9265286632506,4.31292529928703e-12,8.99354575544548e-10,1341.35881303101,1655.41641027205,1790.85839160592,3529.78396129639,3801.5770857457,3459.79241325301,"Gm18609",NA,"6"
"ENSMUSG00000108105",28.9281642460357,-1.41819793456884,0.404962536422586,-3.50204724391821,0.00046169774293289,0.00587411306236127,16.3680148020867,9.23523799314953,21.8276369060001,31.4624207076503,40.3447640551883,54.330911012139,"Gm5340",NA,"7"
"ENSMUSG00000108194",5900.06599238303,-1.50200146299755,0.150955004397026,-9.94999449668557,2.52197159625564e-23,3.10278165487331e-19,2990.43630434125,3174.61306014515,3072.73597717648,8488.86074902603,9392.99461321248,8280.75525039682,"1700097M23Rik",NA,"6"
"ENSMUSG00000108197",63.8714088278389,-1.30022999603375,0.286647799264662,-4.53598457538913,5.73353706549834e-06,0.000173743119499572,41.7384377453212,40.4041662200292,28.7727941033638,79.4051570240699,104.52961596117,88.3782819130795,"Gm44214",NA,"6"
"ENSMUSG00000108229",67.2310630701876,-1.34815661158978,0.319044697777946,-4.22560418956747,2.38300534643935e-05,0.000567081523737782,54.8328495869905,30.014523477736,27.7806287894547,107.871156711944,70.6033370965796,112.283882758421,"1700102F20Rik",NA,"6"
"ENSMUSG00000108345",3327.03133770167,-1.05564987763096,0.170635331760448,-6.18658437698569,6.14817826462953e-10,6.69389709643691e-08,2061.55146432282,2366.52973574457,2056.75869573356,4301.36237388876,5212.72690122149,3963.25885529883,"4933435G04Rik",NA,"7"
"ENSMUSG00000108383",117.775581215607,-1.72832222937901,0.248131193641266,-6.965356527796,3.27573105457235e-12,7.07565787506432e-10,49.1040444062602,60.029046955472,55.5612575789095,155.813893028363,220.979275847736,165.165969476903,"Gm6567",625243,"7"
"ENSMUSG00000108448",11912.7776190836,-1.71987287413177,0.179216109794327,-9.59664215513624,8.25912705921143e-22,2.54030100523695e-18,4662.4290163744,5474.18732043939,6509.59662455759,17818.2175940993,20607.922094099,16404.3130649318,"Gm21269",NA,"7"
"ENSMUSG00000108461",24.1167019869728,-1.61482611265193,0.422078058931871,-3.82589447254964,0.00013029810165557,0.00218400210445296,12.276011101565,13.8528569897243,9.92165313909098,26.967789177986,44.0124698783873,37.6694316350831,"AV356131",NA,"7"
"ENSMUSG00000108530",68.4088571300518,-1.23524119688872,0.302021384719921,-4.08991303060948,4.31534968269877e-05,0.000916955909261537,53.1960481067819,32.3233329760234,35.7179513007275,110.86757773172,69.6864106407798,108.661822024278,"4930429H19Rik",100505025,"7"
"ENSMUSG00000108548",655.690803370659,-1.16223224083376,0.181902919049933,-6.38929956101873,1.66647315909502e-10,2.20020577409573e-08,357.641123425595,425.975352434022,432.584076864367,834.503254007677,1045.2961596117,838.144853880598,"Gm45006",NA,"7"
"ENSMUSG00000108587",109.098511239319,-1.7993261779303,0.255879727853991,-7.03192157120405,2.03708306147668e-12,5.11474140925461e-10,36.8280333046951,51.9482137114661,57.5455882067277,193.269155775566,165.046762043952,149.953314393504,"1810049I09Rik",75601,"7"
"ENSMUSG00000108617",58.136624925838,-2.33694151963883,0.334982923983395,-6.97630043898798,3.03054296494645e-12,6.78331598955471e-10,15.5496140619824,21.9336902337301,20.8354715920911,77.9069465141817,129.286630267763,83.3073968852798,"Gm31749",NA,"7"
"ENSMUSG00000109106",32.8456158460127,-1.29395713447608,0.355499124381053,-3.63983212821956,0.000272815842779339,0.00388600229171553,20.4600185026084,17.3160712371554,18.8511409642729,52.4373678460839,43.0955434225875,44.9135531033683,"4933430H16Rik",71285,"7"
"ENSMUSG00000109157",70.098888377361,-1.04861426201769,0.281789830366497,-3.72126368312817,0.000198228317844507,0.00303726752215764,44.1936399656342,51.9482137114661,41.6709431841821,77.9069465141817,120.117365709765,84.7562211789369,"Gm44829",NA,"7"
"ENSMUSG00000109468",127.26140467745,-1.36043854326734,0.276750338846735,-4.91576107525836,8.84382040831078e-07,3.77796953067526e-05,99.844890292729,42.7129757183166,69.4515719736368,208.251260874447,154.960571030155,188.347158175415,"Gm45185",NA,"7"
"ENSMUSG00000109636",39.4050778905211,-1.70447870820126,0.338212257829479,-5.03967159304033,4.6633135723013e-07,2.15687018345951e-05,17.1864155421911,19.6248807354428,18.8511409642729,61.4266309054125,57.7663667153833,61.5750324804242,"Gm45644",NA,"8"
"ENSMUSG00000109817",26.6389826742185,-1.08117847273444,0.392816500533026,-2.75237539988098,0.00591646561351163,0.0424185760157538,16.3680148020867,19.6248807354428,14.8824797086365,44.9463152966433,35.7601317761896,28.2520737263123,"Gm10683",NA,"8"
"ENSMUSG00000110337",917.715684888505,-1.05605543235491,0.191946433135131,-5.50182368646279,3.75882752787118e-08,2.45983271677655e-06,714.463846111086,577.202374571846,495.09049164064,1342.39661685975,1060.88390936029,1316.25687078742,"Gm3433",NA,"8"
"ENSMUSG00000110427",29.5262805375073,-1.82804332821732,0.397623695446869,-4.59742049870262,4.27753764707655e-06,0.000139223665798896,13.9128125817737,11.5440474914369,12.8981490808183,55.4337888658601,48.5971021573859,34.771783047769,"4933406B17Rik",NA,"8"
"ENSMUSG00000110640",9.86639606340427,-3.27829872804153,0.814331754158385,-4.02575327721276,5.67932131023896e-05,0.00113245851020859,4.91040444062602,0,0,20.9749471384335,13.753896836996,19.55912796437,"Gm45903",NA,"8"
"ENSMUSG00000110706",97.0806005680482,-1.31646361577351,0.260744261872934,-5.04886898111318,4.44433396026235e-07,2.07735613107157e-05,69.5640629088686,55.4114279588972,41.6709431841821,122.853261810825,156.794423941755,136.189483603762,"Gm45709",NA,"8"
"ENSMUSG00000110709",24.2559718592344,-2.58475422504938,0.517986929452618,-4.98999893256152,6.03796261579573e-07,2.69148746601938e-05,12.276011101565,6.92642849486215,0.992165313909098,50.9391573361958,26.5908672181923,47.8112016906823,"1700018P08Rik",NA,"8"
"ENSMUSG00000110737",7257.60456323412,-1.13169713945948,0.158283597845785,-7.14980677001093,8.69001381413296e-13,2.6523815581575e-10,4182.02778193316,4684.5744720251,4779.26031710012,10172.8493621403,10746.3780619729,8980.53738423317,"4930444F02Rik",NA,"10"
"ENSMUSG00000110740",49.2265057071417,-1.40285017155003,0.311963063252797,-4.49684702067833,6.89685732957462e-06,0.000202510825121137,31.9176288640691,26.5513092303049,21.8276369060001,80.903367533958,69.6864106407798,64.4726810677383,"Gm48853",NA,"9"
"ENSMUSG00000110770",8.85161592899542,-2.97100752627336,0.810650027891412,-3.66496937525713,0.000247368181250248,0.00360588949516801,0,1.15440474914369,4.96082656954549,19.4767366285454,13.753896836996,13.7638307897419,"Tpi-rs5",NA,"10"
"ENSMUSG00000110899",36.9776468611338,-1.69026630015868,0.373829031197894,-4.52149554769036,6.14042517416951e-06,0.000184708192953074,24.5520222031301,15.007261738868,11.9059837669092,70.4158939647412,44.929396334187,55.0553231589675,"Gm48840",NA,"9"
"ENSMUSG00000110910",107.68026053595,-1.92553058630225,0.29352082670068,-6.56011570949212,5.37660417266579e-11,9.06141933374071e-09,53.1960481067819,41.5585709691729,38.6944472424548,226.229786993105,108.197321784369,178.205388119816,"4921534A09Rik",NA,"9"
"ENSMUSG00000111182",15.984330139385,-1.66812462340446,0.540556611200335,-3.08593880611377,0.00202910577318208,0.0186438299682294,9.82080888125204,2.30880949828738,9.92165313909098,35.9570522373146,18.3385291159947,19.55912796437,"Gm35430",NA,"10"
"ENSMUSG00000111487",40.1877348769275,-1.79173131218853,0.347021427226497,-5.1631719877029,2.42799862965871e-07,1.22928671360869e-05,23.7336214630258,13.8528569897243,15.8746450225456,58.4302098856363,66.9356312733806,62.2994446272527,"1700092E16Rik",NA,"10"
"ENSMUSG00000111547",75.8076164976698,-1.08812782201989,0.260747169828121,-4.17311460269026,3.00463709480424e-05,0.00068582653390309,43.3752392255298,47.3305947148914,54.5690922650004,110.86757773172,104.52961596117,94.1735790877076,"Gm48069",NA,"9"
"ENSMUSG00000111814",23.6756750730807,-1.59384165445716,0.466087765688283,-3.41961701591436,0.000627093551450123,0.00748315418379327,9.82080888125204,19.6248807354428,6.94515719736368,23.9713681582098,30.2585730413912,51.4332624248249,"Olfr896-ps1",NA,"9"
"ENSMUSG00000111821",51.014544933587,-2.40370200987842,0.337492979216635,-7.12222818814697,1.06196043582117e-12,2.96938619134269e-10,13.0944118416694,18.4704759862991,17.8589756503638,68.9176834548531,97.1942043147719,90.551518353565,"Gm48545",NA,"10"
"ENSMUSG00000111829",25.0466405903941,-1.84275457715058,0.4358749010196,-4.22771435758288,2.36077228341603e-05,0.000562879484551695,9.0024081411477,5.77202374571846,17.8589756503638,38.9534732570909,36.6770582319894,42.0159045160542,"Gm47475",NA,"9"
"ENSMUSG00000111961",46.1158221430494,-2.04512481184,0.360505099968974,-5.67294280168577,1.40365106750162e-08,1.05299506606539e-06,27.8256251635474,10.3896427422932,14.8824797086365,64.4230519251887,71.5202635523793,87.653869766251,"Gm47966",NA,"10"
"ENSMUSG00000112119",245.446559060558,-1.34074288439993,0.250265257580603,-5.35728729333562,8.44807328372447e-08,5.02109399080493e-06,99.844890292729,137.374165148099,180.574087131456,311.627786056727,452.044742709269,291.213683025065,"Gm47362",NA,"10"
"ENSMUSG00000112202",76.0618826944484,-1.91948120585047,0.301619646222635,-6.36391306033705,1.96677493308423e-10,2.54707705281424e-08,22.9152207229214,33.4777377251671,39.6866125563639,109.369367221832,153.126718118556,97.7956398218502,"Gm31181",NA,"10"
"ENSMUSG00000112247",45.5602114734609,-2.55043682615983,0.365590499345213,-6.97621199327598,3.03245045456806e-12,6.78331598955471e-10,12.276011101565,9.23523799314953,17.8589756503638,89.8926305932866,82.5233810219761,61.5750324804242,"Gm47894",NA,"10"
"ENSMUSG00000112371",48.068756448643,-1.10853555837991,0.3606801812293,-3.07345847116332,0.00211593135838803,0.0192831877794429,48.2856436661558,20.7792854845864,20.8354715920911,80.903367533958,49.5140286131857,68.0947418018809,"Gm7791",NA,"10"
"ENSMUSG00000112378",143.913371011394,-2.41218634452067,0.264634930352762,-9.11514720035329,7.85637486460932e-20,1.20821224949111e-16,58.1064525474079,35.7865472234544,41.6709431841821,209.749471384335,308.087289148711,210.079522580271,"Gm47261",NA,"10"
"ENSMUSG00000112402",12.5436418496753,-1.65681929242882,0.582879466557795,-2.84247325131077,0.00447649873324521,0.0345630801077803,9.0024081411477,4.61761899657477,3.96866125563639,25.4695786680979,11.9200439253965,20.2835401111986,"Gm10744",NA,"10"
"ENSMUSG00000112407",99.5150398091809,-1.22161379974195,0.262668808878488,-4.65077602840571,3.3068831132809e-06,0.000114282536355885,72.8376658692859,63.492261202903,42.6631084980912,139.333577419594,120.117365709765,158.646260155446,"Gm33340",102636207,"12"
"ENSMUSG00000112519",25.1669192021956,-1.16777302438342,0.399513745237975,-2.9229858504313,0.00346692270793875,0.028566110594995,11.4576103614607,17.3160712371554,17.8589756503638,38.9534732570909,32.0924259529907,33.3229587541119,"Gm47671",NA,"10"
"ENSMUSG00000112568",89.4847988231065,-1.47089119223943,0.310113747894953,-4.74306992909478,2.10503563713861e-06,8.01803512189362e-05,28.6440259036518,48.484999464035,66.4750760319095,98.8818936526153,170.548320778751,123.874477107677,"Gm47363",NA,"10"
"ENSMUSG00000112623",59.1464702680216,-2.20622048228503,0.352857295594295,-6.25244400450681,4.04078644442866e-10,4.68796456922639e-08,35.1912318244865,11.5440474914369,14.8824797086365,107.871156711944,82.5233810219761,102.86652484965,"4933436P19Rik",NA,"10"
"ENSMUSG00000112699",46.8043361946366,-1.17794779759039,0.348466359422337,-3.38037737571889,0.000723863671358571,0.00837788781629774,23.7336214630258,32.3233329760234,30.757124731182,47.9427363164195,95.3603514031724,50.7088502779964,"Gm48474",NA,"10"
"ENSMUSG00000113227",49.812921711613,-1.10868236318144,0.328755000857658,-3.37236653522867,0.000745251962495791,0.00856941112392371,23.7336214630258,34.6321424743107,35.7179513007275,92.8890516130628,56.8494402595835,55.0553231589675,"4933433N18Rik",NA,"13"
"ENSMUSG00000113560",37.5094141132926,-1.41884636635523,0.35313661404134,-4.01783986689393,5.87340873534898e-05,0.00116549270437094,28.6440259036518,15.007261738868,16.8668103364547,53.935578355972,54.0986608921843,56.5041474526246,"Gm48519",NA,"13"
"ENSMUSG00000113679",13.172295047222,-1.60020108197216,0.566358165432288,-2.82542246168689,0.00472183146710585,0.0357934026739391,11.4576103614607,4.61761899657477,2.97649594172729,20.9749471384335,20.1723820275942,18.8347158175415,"Gm10432",100038713,"12"
"ENSMUSG00000113734",12.5296209443756,-1.70880680281912,0.583760073195412,-2.92724165506109,0.0034198304674568,0.0282566650376904,10.6392096213564,3.46321424743107,2.97649594172729,19.4767366285454,18.3385291159947,20.2835401111986,"Gm48539",NA,"12"
"ENSMUSG00000114068",11.2865920037391,-1.60396422709734,0.586260931442984,-2.73592208020658,0.00622057537425757,0.0439837579479832,4.91040444062602,8.08083324400584,3.96866125563639,17.9785261186573,14.6708232927958,18.110303670713,"Gm48783",NA,"13"
"ENSMUSG00000114082",176.225409121106,-1.57386133442869,0.300371715438205,-5.23971217507154,1.60827239272381e-07,8.7940334434138e-06,130.944118416694,83.1171419383458,50.600431009364,299.642101977622,181.551438248347,311.497223136264,"Gm40383",NA,"12"
"ENSMUSG00000114165",257.637449165461,-1.24734295152409,0.207432869543568,-6.01323673663059,1.81855157880177e-09,1.7210492364614e-07,164.498548760972,141.991784144674,149.816962400274,438.975679397216,307.170362692911,343.371357596719,"Gm47513",NA,"13"
"ENSMUSG00000114186",45.0328283421987,-1.78801745047604,0.379900176316915,-4.70654546099624,2.51949819592693e-06,9.13284662121166e-05,13.0944118416694,32.3233329760234,15.8746450225456,89.8926305932866,45.8463227899867,73.1656268296805,"Gm48681",NA,"12"
"ENSMUSG00000114209",26.1573529032537,-2.3089678183708,0.453271653077098,-5.09400445118516,3.50578529100123e-07,1.68329826702982e-05,14.7312133218781,6.92642849486215,3.96866125563639,46.4445258065314,38.5109111435888,46.3623773970253,"Gm48433",NA,"14"
"ENSMUSG00000114354",19.2649066553304,-1.53052934914465,0.495125418371855,-3.09119526559061,0.00199352489774751,0.0183949307906107,10.6392096213564,4.61761899657477,13.8903143947274,31.4624207076503,37.5939846877891,17.3858915238845,"Gm34961",NA,"13"
"ENSMUSG00000114440",11.3689152720632,-1.67662872953535,0.60027499127984,-2.79310108515537,0.00522053752102531,0.0385064049422162,7.36560666093903,4.61761899657477,3.96866125563639,20.9749471384335,11.0031174695968,20.2835401111986,"Gm47505",NA,"14"
"ENSMUSG00000114563",83.5058073460674,-1.37704385517795,0.344766403626391,-3.99413585747814,6.4930627033775e-05,0.00125604010125241,77.748070309912,40.4041662200292,19.843306278182,130.344314360266,114.615806974967,118.079179933049,"1700016K05Rik",102639882,"17"
"ENSMUSG00000114658",68.9256445572016,-1.73604629999279,0.281087343376182,-6.1761809661754,6.56707114013393e-10,7.08725230149717e-08,38.4648347849038,25.3969044811612,30.757124731182,107.871156711944,108.197321784369,102.86652484965,"Gm30008",NA,"14"
"ENSMUSG00000114832",4487.62573483087,-1.13597694990156,0.152300967734224,-7.45876383322738,8.73379907878277e-14,3.70523896780222e-11,2798.93053115683,2869.85020637122,2752.26658078384,5837.02814652408,6713.73550936566,5953.94343478361,"Gm21388",100861998,"3"
"ENSMUSG00000114902",39.6589416264658,-1.33994897568332,0.380884063313795,-3.51799695693592,0.000434817348829396,0.00561928344815972,18.0048162822954,38.0953567217418,11.9059837669092,61.4266309054125,61.4340725385822,47.0867895438538,"Gm4118",NA,"14"
"ENSMUSG00000114965",10.9128149743935,-2.36101961994246,0.646624445091224,-3.6512996653094,0.000260916584186986,0.00375884863612703,4.09200370052168,2.30880949828738,3.96866125563639,22.4731576483217,17.421602660195,15.2126550833989,"Gm47906",NA,"14"
"ENSMUSG00000115006",10.8676864611269,-2.46289582186148,0.664396971397266,-3.70696425163086,0.000209758538014738,0.0031820706451237,2.45520222031301,4.61761899657477,2.97649594172729,23.9713681582098,17.421602660195,13.7638307897419,"Gm49054",NA,"14"
"ENSMUSG00000115008",98.6331174313486,-1.39809752598802,0.278824966534325,-5.01424798276055,5.32412846402219e-07,2.40818942988474e-05,67.9272614286599,47.3305947148914,46.6317697537276,158.81031404814,100.861910137971,170.236854504702,"4933429O19Rik",66770,"14"
"ENSMUSG00000115043",13.7352726324016,-1.59913179762149,0.550223013033147,-2.90633390414943,0.00365690987424656,0.0296774156878994,8.18400740104336,9.23523799314953,2.97649594172729,23.9713681582098,15.5877497485955,22.4567765516841,"Gm32455",102635012,"14"
"ENSMUSG00000115141",56.1706910717322,-1.34189570895062,0.30678866685852,-4.37400678027477,1.21986587395645e-05,0.000325553358943301,43.3752392255298,23.0880949828738,27.7806287894547,83.8997885537342,77.0218222871777,81.8585725916228,"Gm49256",NA,"14"
"ENSMUSG00000115359",14.4878070563034,-2.34299610861595,0.570826193620215,-4.10457006844155,4.05067488776817e-05,0.000866703532942815,7.36560666093903,3.46321424743107,2.97649594172729,28.4659996878741,22.9231613949934,21.7323644048556,"Gm49779",NA,"14"
"ENSMUSG00000115398",54.0489434787571,-1.16175958959556,0.32998004031367,-3.52069655028596,0.000430414870019289,0.00558432494340957,40.1016362651125,31.1689282268797,28.7727941033638,76.4087360042936,48.5971021573859,99.2444641155073,"Gm534",NA,"14"
"ENSMUSG00000115483",8.03514006038267,-2.12481510586938,0.731825485362645,-2.90344508133173,0.00369081696366548,0.0298672044035941,2.45520222031301,3.46321424743107,2.97649594172729,17.9785261186573,11.9200439253965,9.41735790877076,"Gm9732",NA,"14"
"ENSMUSG00000115639",20.8573267700735,-1.35023598155568,0.452261451318802,-2.98552082566041,0.00283095860727556,0.0243051526485075,16.3680148020867,9.23523799314953,8.92948782518188,37.4552627472028,22.0062349391936,31.1497223136264,"4930404K13Rik",NA,"14"
"ENSMUSG00000115685",30.5828961201081,-1.2251257246318,0.371734613181318,-3.295699892316,0.000981768312696415,0.0106070076060313,19.6416177625041,15.007261738868,19.843306278182,49.4409468263076,33.9262788645902,45.6379652501968,"D730044K07Rik",NA,"15"
"ENSMUSG00000115801",52.8991604151206,-1.35671567313909,0.332975220440499,-4.07452443861818,4.61084713772621e-05,0.000968280152724402,27.8256251635474,20.7792854845864,40.678777870273,58.4302098856363,100.861910137971,68.8191539487094,"",NA,"14"
"ENSMUSG00000115916",209.835027187037,-1.20766527967513,0.199358692985068,-6.05775078875334,1.38038030169103e-09,1.3372298308429e-07,112.939302134398,129.293331904093,138.903143947274,281.663575858965,307.170362692911,289.04044658458,"Gm8702",NA,"15"
"ENSMUSG00000115987",42.5778342978478,-1.21977901871612,0.321709156703705,-3.79155828579519,0.000149705003626188,0.00243305239050593,24.5520222031301,28.8601187285923,23.8119675338183,52.4373678460839,67.8525577291803,57.9529717462816,"Vps28",66914,"15"
"ENSMUSG00000116311",227.152184578963,-2.0166209079092,0.490840271361969,-4.10850744237741,3.98224374175816e-05,0.000855035685075927,148.130533958885,50.7938089623224,70.4437372875459,292.151049428182,466.715566002065,334.678411834776,"4930478M13Rik",NA,"15"
"ENSMUSG00000116658",91.6979517805702,-1.19049664541155,0.257732880371139,-4.61911046699678,3.85388651236361e-06,0.000128494216156123,63.0168569880339,48.484999464035,54.5690922650004,155.813893028363,110.948101151768,117.35476778622,"Gm49580",NA,"16"
"ENSMUSG00000116697",26.7342705521496,-1.80013410088677,0.437309132425147,-4.11638808205061,3.84856077639095e-05,0.000832141357327555,13.9128125817737,3.46321424743107,17.8589756503638,37.4552627472028,48.5971021573859,39.1182559287401,"Gm49694",NA,"15"
"ENSMUSG00000116733",46.4955661592178,-1.56946214932708,0.360757208641282,-4.35046649584116,1.35848211902926e-05,0.000353771060181069,37.6464340447995,11.5440474914369,19.843306278182,70.4158939647412,64.1848519059814,75.3388632701661,"6330408M09Rik",NA,"16"
"ENSMUSG00000116836",43.7587874147055,-1.07218484118528,0.32945720672043,-3.25439789846548,0.00113632998729119,0.0118376526957185,26.1888236833388,27.7057139794486,30.757124731182,55.4337888658601,76.104895831378,46.3623773970253,"Gm49727",NA,"16"
"ENSMUSG00000117193",16.5492779030526,-2.3758728246378,0.565789786683807,-4.19921476236466,2.67842194660945e-05,0.00062528700586596,7.36560666093903,0,7.93732251127278,34.4588417274265,22.0062349391936,27.5276615794838,"Gm36252",NA,"17"
"ENSMUSG00000117220",27.1684339724019,-1.69112010283227,0.423022940759566,-3.99770305552637,6.39601173149285e-05,0.00124116927969332,9.0024081411477,16.1616664880117,13.8903143947274,35.9570522373146,56.8494402595835,31.1497223136264,"Gm49932",NA,"17"
"ENSMUSG00000117460",18.4686625294507,-1.5138808623646,0.514418533068862,-2.94289720343716,0.00325156367114011,0.0271581723326794,16.3680148020867,8.08083324400584,3.96866125563639,25.4695786680979,19.2554555717944,37.6694316350831,"4921533I20Rik",NA,"18"
"ENSMUSG00000117815",13937.2919351806,-1.56446444810687,0.159572584987056,-9.80409290376401,1.08113987914264e-22,6.65063196654598e-19,7349.23864613694,6700.16516402999,7079.09951474141,20977.9435594533,23150.5591560317,18366.7455706903,"Gm50166",NA,"18"
"ENSMUSG00000117848",15.3309704050265,-1.4382562013877,0.505578420233683,-2.84477371625735,0.00444429831365194,0.0344874526035243,9.82080888125204,9.23523799314953,5.95299188345459,16.4803156087692,26.5908672181923,23.9056008453412,"Gm35867",NA,"19"
"ENSMUSG00000118055",16.7310609337759,-1.8572018098329,0.512679917109362,-3.62253668976218,0.000291728066774005,0.00410186332059495,10.6392096213564,5.77202374571846,4.96082656954549,26.967789177986,20.1723820275942,31.8741344604549,"Gm50129",NA,"19"
"ENSMUSG00000118243",24.5659566486316,-1.46636503304878,0.408152191092431,-3.59269180724969,0.000327279585588903,0.0044836160452887,10.6392096213564,12.6984522405806,15.8746450225456,38.9534732570909,33.0093524087904,36.220607341426,"Gm50203",NA,"19"
"ENSMUSG00000118448",72.7630725479173,-1.06892181313088,0.26179644653779,-4.0830264400727,4.44529630985784e-05,0.000939698977666341,48.2856436661558,48.484999464035,43.6552738120003,109.369367221832,92.6095720357732,94.1735790877076,"Gm50492",NA,"6"
"ENSMUSG00000118544",24.3001253963244,-1.28121268045472,0.406281063483053,-3.15351316025134,0.0016131795467071,0.0154515252396968,16.3680148020867,16.1616664880117,9.92165313909098,34.4588417274265,34.8432053203899,34.0473709009405,"Gm53033",NA,"7"
"ENSMUSG00000118619",83.6586750607084,-1.17659217212311,0.268976185751624,-4.37433584997591,1.21802735348967e-05,0.000325553358943301,39.2832355250082,54.2570232097535,60.522084148455,133.340735380042,97.1942043147719,117.35476778622,"Gm53041",NA,"6"
"ENSMUSG00000119949",43.7574494219395,-1.44181694403324,0.347346017160107,-4.15095286199478,3.31093957949418e-05,0.000744689024616396,23.7336214630258,20.7792854845864,25.7962981616365,74.9105254944055,41.2616905109881,76.0632754169946,"",NA,"4"
"ENSMUSG00000119994",217.119459734492,-1.15161402244108,0.204191978494603,-5.6398592683773,1.70189203505082e-08,1.23895726078286e-06,124.396912495859,145.454998392105,134.934482691637,316.122417586391,255.822481168126,325.985466072834,"",NA,"10"
"ENSMUSG00000120017",51.047855763703,-1.20929997391614,0.298553721974592,-4.05052720802809,5.11023670421707e-05,0.00104785403619971,29.4624266437561,32.3233329760234,30.757124731182,70.4158939647412,78.8556751987772,64.4726810677383,"",NA,"11"
"ENSMUSG00000120019",80.0121696689921,-1.88682740248688,0.327240772305681,-5.76586893250686,8.12381776136956e-09,6.49008635832011e-07,52.3776473666775,21.9336902337301,25.7962981616365,164.803156087692,117.366586342366,97.7956398218502,"",NA,"11"
"ENSMUSG00000120032",185.782806138238,-1.0459727598584,0.229510502645997,-4.55740695000672,5.17890215632957e-06,0.000159537741880705,136.672923597424,110.822855917794,115.091176413455,286.158207388629,187.052996983146,278.89867652898,"",NA,"4"
"ENSMUSG00000120083",25.42754813526,-1.06331328940269,0.394214288846063,-2.69729768678656,0.00699047476434729,0.0482780674590239,18.8232170223997,16.1616664880117,13.8903143947274,38.9534732570909,35.7601317761896,28.9764858731408,"",67644,"8"
"ENSMUSG00000120138",59.369258054521,-1.09832807336241,0.307239403486256,-3.57482816624315,0.000350457989695127,0.00472772439388064,51.5592466265732,32.3233329760234,28.7727941033638,83.8997885537342,66.9356312733806,92.7247547940506,"",NA,"15"
"ENSMUSG00000120163",43.5087778375899,-1.63251555728096,0.362406213605027,-4.50465664217384,6.64803449993685e-06,0.000196140931541302,17.1864155421911,16.1616664880117,29.7649594172729,86.8962095735104,45.8463227899867,65.1970932145668,"",NA,"3"
"ENSMUSG00000120183",710.122712667396,-1.1464905405285,0.177025939791274,-6.47639855424744,9.39377216776173e-11,1.31331339749969e-08,458.304414458428,454.835471162615,411.748605272275,1090.69725119854,835.320001233558,1009.83053267896,"",NA,"8"
"ENSMUSG00000120187",53.2720881512052,-1.17015011980922,0.316694459455232,-3.69488661665277,0.000219984931281001,0.00331675809993891,20.4600185026084,40.4041662200292,38.6944472424548,67.419472944965,71.5202635523793,81.1341604447943,"",NA,"4"
"ENSMUSG00000120188",338.288657144451,-1.07420345035243,0.224324414299051,-4.78861587005145,1.67935588092518e-06,6.6434454672098e-05,270.890644974535,182.395950364703,198.43306278182,527.370099480615,349.348979659699,501.293205605336,"",NA,"16"
"ENSMUSG00000120222",19.4069142141268,-1.32564363317138,0.455475816826184,-2.91045887443298,0.00360898458848706,0.0294145039007433,12.276011101565,10.3896427422932,10.9138184530001,17.9785261186573,33.0093524087904,31.8741344604549,"",NA,"12"
"ENSMUSG00000120276",18.7060490107523,-1.71278316480156,0.512442362025957,-3.34239183121009,0.000830597210043943,0.00929830525493234,4.91040444062602,15.007261738868,6.94515719736368,25.4695786680979,40.3447640551883,19.55912796437,"",NA,"6"
"ENSMUSG00000120288",113.937547598172,-1.70136571852354,0.308387848913194,-5.51696743084855,3.44899321366515e-08,2.27247889970184e-06,41.7384377453212,86.5803561857769,33.7336206729093,191.770945265678,132.037409635162,197.764516084186,"",NA,"16"
"ENSMUSG00000120331",379.561154246324,-1.65842732671119,0.243828691981097,-6.80160859346187,1.0345736882182e-11,2.05296130421751e-09,215.23939464744,130.447736653237,201.409558723547,545.348625599272,433.706213593274,751.215396261176,"",NA,"9"
"ENSMUSG00000120410",42.2029663084161,-1.20239322720771,0.327633335789616,-3.66993555252817,0.000242611627916902,0.00354916867807568,31.0992281239648,23.0880949828738,21.8276369060001,65.9212624350769,50.4309550689854,60.8506203335957,"",NA,"11"
"ENSMUSG00000120438",58.5459962843401,-1.21313304995003,0.290379737506241,-4.17774690606281,2.94410994346944e-05,0.000674513680344592,41.7384377453212,31.1689282268797,32.7414553590002,77.9069465141817,74.2710429197785,93.4491669408791,"",NA,"19"
"ENSMUSG00000120456",107.410750622582,-1.17755508599818,0.249537896091102,-4.71894291185443,2.37073332351786e-06,8.74122990750073e-05,58.9248532875122,71.5730944469089,66.4750760319095,184.279892716238,121.951218621365,141.260368631561,"",NA,"6"
"ENSMUSG00000120484",25.755028551412,-1.32900959310919,0.396249470901143,-3.35397190584705,0.000796604503787027,0.00901621454470266,13.9128125817737,13.8528569897243,15.8746450225456,43.4481047867552,34.8432053203899,32.5985466072834,"",NA,"8"
"ENSMUSG00000120523",45.0308082143655,-1.66864548511223,0.327606899829483,-5.09343816012651,3.51627777474326e-07,1.68329826702982e-05,22.0968199828171,16.1616664880117,25.7962981616365,76.4087360042936,62.3509989943819,67.3703296550524,"",NA,"11"
"ENSMUSG00000120602",41.1904652508039,-1.7272006063291,0.333029463823558,-5.18632972139723,2.14478943802273e-07,1.12766429299118e-05,18.8232170223997,19.6248807354428,18.8511409642729,64.4230519251887,66.0187048175809,59.4017960399387,"",NA,"5"
"ENSMUSG00000120632",49.1249211420342,-1.10026925024281,0.327598019253389,-3.35859555179967,0.000783396322969839,0.0088889718607079,40.9200370052168,30.014523477736,21.8276369060001,80.903367533958,52.2648079805849,68.8191539487094,"",NA,"2"
"ENSMUSG00000120748",149.55898008297,-1.03231722580358,0.225679470040033,-4.57426289427416,4.77899466494823e-06,0.000149989722864434,116.212905094816,92.3523799314953,85.3262169961824,209.749471384335,174.21602660195,219.496880489042,"",NA,"19"
"ENSMUSG00000120801",19.4577461858373,-1.3077637591619,0.473645928445158,-2.76105774508589,0.0057614488594986,0.0415980665014151,15.5496140619824,8.08083324400584,8.92948782518188,38.9534732570909,25.6739407623926,19.55912796437,"",NA,"4"
"ENSMUSG00000120923",29.9425031231846,-1.3794863237264,0.380058135190613,-3.62967187384249,0.000283781725419007,0.0040084575979679,15.5496140619824,18.4704759862991,15.8746450225456,43.4481047867552,52.2648079805849,34.0473709009405,"",NA,"15"
"ENSMUSG00000121012",190.347635637331,-1.31985099413312,0.204751343442693,-6.44611640608127,1.14752539041464e-10,1.56866720869681e-08,103.118493253146,103.896427422932,119.059837669092,298.143891467734,254.905554712326,262.961609298753,"",NA,"11"
"ENSMUSG00000121016",117.547211373296,-1.90842049000798,0.249881336946766,-7.63730702471207,2.21812130979497e-14,1.18650202062641e-11,56.4696510671992,46.1761899657477,44.6474391259094,217.240523933776,153.126718118556,187.622746028587,"",NA,"19"
"ENSMUSG00000121018",41.099449234722,-1.35258447163516,0.339145002023737,-3.98821879598419,6.65712523102316e-05,0.00127972830808247,21.2784192427127,20.7792854845864,27.7806287894547,52.4373678460839,50.4309550689854,73.8900389765091,"",NA,"3"
"ENSMUSG00000121071",67.9262791646618,-1.03010826778557,0.276500067407057,-3.72552628086367,0.000194908143348584,0.00299744836001293,44.1936399656342,38.0953567217418,50.600431009364,109.369367221832,83.4403074777758,81.8585725916228,"",NA,"1"
