geneId,ENSEMBL,SYMBOL
20671,ENSMUSG00000025902,Sox17
21399,ENSMUSG00000033813,Tcea1
319263,ENSMUSG00000051285,Pcmtd1
59014,ENSMUSG00000061024,Rrs1
17864,ENSMUSG00000025912,Mybl1
70675,ENSMUSG00000045210,Vcpip1
17978,ENSMUSG00000005886,Ncoa2
387225,ENSMUSG00000065405,Mir30a
68187,ENSMUSG00000026153,Fam135a
68421,ENSMUSG00000073725,Lmbrd1
213109,ENSMUSG00000048874,Phf3
69668,ENSMUSG00000042111,Ccdc115
214895,ENSMUSG00000001143,Lman2l
211484,ENSMUSG00000060771,Tsga10
107734,ENSMUSG00000026087,Mrpl30
226982,ENSMUSG00000026083,Eif5b
16764,ENSMUSG00000037138,Aff3
68833,ENSMUSG00000026078,Pdcl3
26921,ENSMUSG00000026074,Map4k4
67883,ENSMUSG00000057363,Uxs1
22019,ENSMUSG00000041763,Tpp2
75623,ENSMUSG00000026049,Tex30
227059,ENSMUSG00000025986,Slc39a10
78016,ENSMUSG00000025983,Ccdc150
15510,ENSMUSG00000025980,Hspd1
227120,ENSMUSG00000038349,Plcl1
74018,ENSMUSG00000026024,Als2
241066,ENSMUSG00000026017,Carf
227210,ENSMUSG00000070871,Ccnyl1
15926,ENSMUSG00000025950,Idh1
68691,ENSMUSG00000026004,Kansl1l
16008,ENSMUSG00000039323,Igfbp2
76709,ENSMUSG00000006304,Arpc2
227290,ENSMUSG00000006299,Aamp
56695,ENSMUSG00000026179,Pnkd
319651,ENSMUSG00000033364,Usp37
66821,ENSMUSG00000026172,Bcs1l
67534,ENSMUSG00000033257,Ttll4
245860,ENSMUSG00000033124,Atg9a
13437,ENSMUSG00000026209,Dnpep
20684,ENSMUSG00000026222,Sp100
17975,ENSMUSG00000026234,Ncl
19231,ENSMUSG00000026238,Ptma
98363,ENSMUSG00000026255,Efhd1
15504,ENSMUSG00000081984,Dnajb3
100040766,ENSMUSG00000079429,Mroh2a
171382,ENSMUSG00000036251,Trpm8
12835,ENSMUSG00000048126,Col6a3
55927,ENSMUSG00000067071,Hes6
18627,ENSMUSG00000055866,Per2
208727,ENSMUSG00000026313,Hdac4
23830,ENSMUSG00000026270,Capn10
208760,ENSMUSG00000045091,Aqp12
269224,ENSMUSG00000026274,Pask
110611,ENSMUSG00000034088,Hdlbp
59041,ENSMUSG00000026277,Stk25
21915,ENSMUSG00000026281,Dtymk
66262,ENSMUSG00000026283,Ing5
626049,ENSMUSG00000101583,Gm20753
20479,ENSMUSG00000009907,Vps4b
64143,ENSMUSG00000004451,Ralb
13167,ENSMUSG00000026385,Dbi
107895,ENSMUSG00000036155,Mgat5
226409,ENSMUSG00000036086,Zranb3
226414,ENSMUSG00000026356,Dars
108900,ENSMUSG00000055184,Fam72a
74137,ENSMUSG00000009772,Nuak2
213452,ENSMUSG00000042046,Dstyk
17248,ENSMUSG00000054387,Mdm4
108954,ENSMUSG00000046062,Ppp1r15b
72674,ENSMUSG00000026457,Adipor1
98710,ENSMUSG00000042229,Rabif
75605,ENSMUSG00000042207,Kdm5b
67196,ENSMUSG00000026429,Ube2t
226432,ENSMUSG00000041879,Ipo9
66875,ENSMUSG00000052748,Swt1
102640772,ENSMUSG00000100594,2810414N06Rik
226517,ENSMUSG00000042772,Smg7
13211,ENSMUSG00000042699,Dhx9
671336,ENSMUSG00000096950,Gm9530
15939,ENSMUSG00000056708,Ier5
215015,ENSMUSG00000033557,Fam20b
89867,ENSMUSG00000026589,Sec16b
12301,ENSMUSG00000014226,Cacybp
14455,ENSMUSG00000053332,Gas5
226551,ENSMUSG00000040297,Suco
103967,ENSMUSG00000040265,Dnm3
98376,ENSMUSG00000040124,Gorab
381306,ENSMUSG00000041406,BC055324
116914,ENSMUSG00000040918,Slc19a2
70456,ENSMUSG00000026568,Mpc2
68481,ENSMUSG00000026566,Mpzl1
18986,ENSMUSG00000026565,Pou2f1
27878,ENSMUSG00000026563,Tada1
15490,ENSMUSG00000026675,Hsd17b7
107652,ENSMUSG00000026670,Uap1
19044,ENSMUSG00000062729,Ppox
21945,ENSMUSG00000013973,Dedd
68874,ENSMUSG00000045259,Klhdc9
67556,ENSMUSG00000050229,Pigm
14194,ENSMUSG00000026526,Fh1
13603,ENSMUSG00000026525,Opn3
545389,ENSMUSG00000057335,Cep170
11566,ENSMUSG00000015961,Adss
78825,ENSMUSG00000026502,Desi2
66359,ENSMUSG00000026500,Cox20
51810,ENSMUSG00000039630,Hnrnpu
15278,ENSMUSG00000026492,Tfb2m
67426,ENSMUSG00000026489,Coq8a
208768,ENSMUSG00000038806,Sde2
98386,ENSMUSG00000004880,Lbr
13244,ENSMUSG00000038633,Degs1
67247,ENSMUSG00000073481,Mtarc2
110957,ENSMUSG00000039224,D1Pas1
16526,ENSMUSG00000037624,Kcnk2
108000,ENSMUSG00000026605,Cenpf
226841,ENSMUSG00000037568,Vash2
226849,ENSMUSG00000026626,Ppp2r5a
76843,ENSMUSG00000037474,Dtl
18005,ENSMUSG00000026622,Nek2
66084,ENSMUSG00000019763,Rmnd1
18390,ENSMUSG00000000766,Oprm1
13853,ENSMUSG00000055493,Epm2a
72567,ENSMUSG00000037608,Bclaf1
71804,ENSMUSG00000019992,Mtfr2
52906,ENSMUSG00000019986,Ahi1
237336,ENSMUSG00000071359,Tbpl1
52665,ENSMUSG00000019883,Echdc1
15214,ENSMUSG00000019789,Hey2
66521,ENSMUSG00000019782,Rwdd1
15182,ENSMUSG00000019777,Hdac2
78334,ENSMUSG00000038481,Cdk19
71713,ENSMUSG00000038446,Cdc40
103199,ENSMUSG00000038417,Fig4
20598,ENSMUSG00000019822,Smpd2
53599,ENSMUSG00000019818,Cd164
56484,ENSMUSG00000048756,Foxo3
54198,ENSMUSG00000019804,Snx3
331623,ENSMUSG00000038214,Bend3
11793,ENSMUSG00000038160,Atg5
380669,ENSMUSG00000063804,Lin28b
320363,ENSMUSG00000110874,D030045P18Rik
52014,ENSMUSG00000023068,Nus1
22639,ENSMUSG00000049576,Zfa-ps
15500,ENSMUSG00000019878,Hsf2
56442,ENSMUSG00000019877,Serinc1
215999,ENSMUSG00000009647,Mcu
56709,ENSMUSG00000020109,Dnajb12
74747,ENSMUSG00000020108,Ddit4
30930,ENSMUSG00000020078,Vps26a
72320,ENSMUSG00000036955,Kifbp
94213,ENSMUSG00000020076,Ddx50
67500,ENSMUSG00000020074,Ccar1
432467,ENSMUSG00000020069,Hnrnph3
216033,ENSMUSG00000060843,Ctnna3
68488,NA,1110002J07Rik
108829,ENSMUSG00000037876,Jmjd1c
211488,ENSMUSG00000057134,Ado
70911,ENSMUSG00000037747,Phyhipl
83675,ENSMUSG00000014329,Bicc1
76877,ENSMUSG00000020175,Rab36
104248,ENSMUSG00000020196,Cabin1
14872,ENSMUSG00000033318,Gstt2
70377,ENSMUSG00000009092,Derl3
18541,ENSMUSG00000001151,Pcnt
16987,ENSMUSG00000033105,Lss
59093,ENSMUSG00000001120,Pcbp3
110532,ENSMUSG00000020262,Adarb1
20610,ENSMUSG00000020265,Sumo3
216134,ENSMUSG00000032788,Pdxk
216136,ENSMUSG00000032763,Ilvbl
216150,ENSMUSG00000020307,Cdc34
70294,ENSMUSG00000035890,Rnf126
19205,ENSMUSG00000006498,Ptbp1
20869,ENSMUSG00000003068,Stk11
59090,ENSMUSG00000035621,Midn
12696,ENSMUSG00000045193,Cirbp
18551,ENSMUSG00000020131,Pcsk4
17192,ENSMUSG00000035478,Mbd3
100113398,ENSMUSG00000113640,Adat3
103236,ENSMUSG00000003345,Csnk1g2
17347,ENSMUSG00000020190,Mknk2
20222,ENSMUSG00000020211,Sf3a2
18245,ENSMUSG00000035242,Oaz1
30055,ENSMUSG00000020219,Timm13
106947,ENSMUSG00000046822,Slc39a3
50492,ENSMUSG00000004929,Thop1
16969,ENSMUSG00000035011,Zbtb7a
13144,ENSMUSG00000034974,Dapk3
103406,ENSMUSG00000034949,Zfr2
70312,ENSMUSG00000034889,Cactin
15353,ENSMUSG00000020232,Hmg20b
56371,ENSMUSG00000020235,Fzr1
102115,ENSMUSG00000078440,Dohh
103425,ENSMUSG00000020238,Ncln
14672,ENSMUSG00000034781,Gna11
73610,ENSMUSG00000096795,Zfp433
408062,ENSMUSG00000061371,Zfp873
544717,ENSMUSG00000063320,1190007I07Rik
28109,ENSMUSG00000020255,Nopchap1
75804,ENSMUSG00000020033,4930463O16Rik
216198,ENSMUSG00000020034,Tcp11l2
70428,ENSMUSG00000034453,Polr3b
103266,ENSMUSG00000060935,Tmem263
12952,ENSMUSG00000020038,Cry1
103136,ENSMUSG00000001785,Pwp1
72843,ENSMUSG00000035529,Prdm4
103220,ENSMUSG00000044937,Ttc41
192188,ENSMUSG00000035459,Stab2
20962,ENSMUSG00000020059,Sycp3
237433,ENSMUSG00000069540,Gm4925
237436,ENSMUSG00000074802,Gas2l3
21917,ENSMUSG00000019961,Tmpo
16993,ENSMUSG00000015889,Lta4h
93765,ENSMUSG00000074781,Ube2n
67972,ENSMUSG00000019943,Atp2b1
102638712,ENSMUSG00000112304,Gm35206
216274,ENSMUSG00000019971,Cep290
216292,ENSMUSG00000036009,Mettl25
108030,ENSMUSG00000019906,Lin7a
237542,ENSMUSG00000020189,Osbpl8
53605,ENSMUSG00000058799,Nap1l1
619332,ENSMUSG00000074734,Taf7l2
327826,ENSMUSG00000020170,Frs2
70574,ENSMUSG00000020183,Cpm
17246,ENSMUSG00000020184,Mdm2
103468,ENSMUSG00000052798,Nup107
71902,ENSMUSG00000020114,Cand1
73914,ENSMUSG00000020227,Irak3
73192,ENSMUSG00000034667,Xpot
117600,ENSMUSG00000020121,Srgap1
67074,ENSMUSG00000034602,Mon2
20503,ENSMUSG00000020102,Slc16a7
12567,ENSMUSG00000006728,Cdk4
110962,ENSMUSG00000025409,Mbd6
13198,ENSMUSG00000025408,Ddit3
216443,ENSMUSG00000040354,Mars1
20847,ENSMUSG00000040033,Stat2
103135,ENSMUSG00000005682,Pan2
210582,ENSMUSG00000039914,Coq10a
18813,ENSMUSG00000025364,Pa2g4
27370,ENSMUSG00000025362,Rps26
236604,ENSMUSG00000082286,Pisd-ps1
78887,ENSMUSG00000023764,Sfi1
13494,ENSMUSG00000020457,Drg1
216505,ENSMUSG00000034614,Pik3ip1
16886,ENSMUSG00000020451,Limk2
544752,ENSMUSG00000056579,Tug1
67430,ENSMUSG00000020434,4921536K21Rik
67900,ENSMUSG00000004748,Mtfp1
103724,ENSMUSG00000034412,Tbc1d10a
14030,ENSMUSG00000009079,Ewsr1
104479,ENSMUSG00000020482,Ccdc117
76389,ENSMUSG00000020481,Ankrd36
72046,ENSMUSG00000049680,Urgcp
18293,ENSMUSG00000020456,Ogdh
77605,ENSMUSG00000041126,H2az2
14783,ENSMUSG00000020176,Grb10
432536,ENSMUSG00000084135,Pom121l12
66713,ENSMUSG00000020152,Actr2
19324,ENSMUSG00000020149,Rab1a
216543,ENSMUSG00000044066,Cep68
58172,ENSMUSG00000049800,Sertad2
216549,ENSMUSG00000049659,Aftph
67245,ENSMUSG00000020134,Peli1
103573,ENSMUSG00000020290,Xpo1
104570,ENSMUSG00000020463,Ppp4r3b
216618,ENSMUSG00000020462,Cfap36
73324,ENSMUSG00000020461,Clhc1
78372,ENSMUSG00000040767,Snrnp25
327900,ENSMUSG00000044949,Ubtd2
69351,ENSMUSG00000020270,Smim23
18148,ENSMUSG00000057113,Npm1
66011,ENSMUSG00000040594,Ranbp17
15366,ENSMUSG00000020330,Hmmr
214105,ENSMUSG00000040489,Sox30
211007,ENSMUSG00000040365,Trim41
103806,ENSMUSG00000050567,Maml1
12330,ENSMUSG00000020368,Canx
59013,ENSMUSG00000007850,Hnrnph1
12750,ENSMUSG00000020385,Clk4
15384,ENSMUSG00000020358,Hnrnpab
66050,ENSMUSG00000007777,0610009B22Rik
22210,ENSMUSG00000020390,Ube2b
14566,ENSMUSG00000018238,Gdf9
19360,ENSMUSG00000020380,Rad50
20520,ENSMUSG00000018900,Slc22a5
75530,ENSMUSG00000020268,Lyrm7
14667,ENSMUSG00000000594,Gm2a
27041,ENSMUSG00000018583,G3bp1
22698,ENSMUSG00000037001,Zfp39
319162,ENSMUSG00000078851,H2ac25
94091,ENSMUSG00000020455,Trim11
72203,ENSMUSG00000085882,2610507I01Rik
67212,ENSMUSG00000036860,Mrpl55
11840,ENSMUSG00000048076,Arf1
237775,ENSMUSG00000054519,Zfp867
100504104,ENSMUSG00000087249,Gm16062
20787,ENSMUSG00000020538,Srebf1
216810,ENSMUSG00000000538,Tom1l2
268420,ENSMUSG00000042650,Alkbh5
100628625,ENSMUSG00000092734,Mir5100
21975,ENSMUSG00000002814,Top3a
20425,ENSMUSG00000020534,Shmt1
216821,ENSMUSG00000043284,Tmem11
216825,ENSMUSG00000042506,Usp22
67473,ENSMUSG00000010122,Slc47a1
432572,ENSMUSG00000042331,Specc1
73139,ENSMUSG00000018509,Cenpv
22187,ENSMUSG00000019505,Ubb
67510,ENSMUSG00000014177,Tvp23b
54710,ENSMUSG00000070407,Hs3st3b1
102465219,ENSMUSG00000099174,Mir6406
77579,ENSMUSG00000020900,Myh10
20877,ENSMUSG00000020897,Aurkb
71923,ENSMUSG00000045176,Borcs6
18626,ENSMUSG00000020893,Per1
216850,ENSMUSG00000018476,Kdm6b
23879,ENSMUSG00000018765,Fxr2
24070,ENSMUSG00000018761,Mpdu1
13681,ENSMUSG00000059796,Eif4a1
216860,ENSMUSG00000047284,Neurl4
276770,ENSMUSG00000078812,Eif5a
53422,ENSMUSG00000018554,Ybx2
54351,ENSMUSG00000018565,Elp5
13543,ENSMUSG00000020888,Dvl2
13385,ENSMUSG00000020886,Dlg4
104457,ENSMUSG00000020831,0610010K14Rik
50932,ENSMUSG00000020827,Mink1
18643,ENSMUSG00000018293,Pfn1
216873,ENSMUSG00000018287,Spag7
19069,ENSMUSG00000040667,Nup88
116891,ENSMUSG00000018442,Derl2
237831,ENSMUSG00000020805,Slc13a5
192986,ENSMUSG00000057778,Cyb5d2
17428,ENSMUSG00000000282,Mnt
100042498,ENSMUSG00000085148,Mir22hg
215113,ENSMUSG00000038178,Slc43a2
268448,ENSMUSG00000037791,Phf12
69071,ENSMUSG00000037278,Tmem97
216987,ENSMUSG00000035575,Utp6
52615,ENSMUSG00000017548,Suz12
100503272,ENSMUSG00000085175,Gm11423
70439,ENSMUSG00000020680,Taf15
56321,ENSMUSG00000018697,Aatf
237898,ENSMUSG00000000804,Usp32
192197,ENSMUSG00000059439,Bcas3
237911,ENSMUSG00000034329,Brip1
77864,ENSMUSG00000018427,Ypel2
270906,ENSMUSG00000020493,Prr11
320472,ENSMUSG00000046442,Ppm1e
83560,ENSMUSG00000010342,Tex14
170749,ENSMUSG00000018401,Mtmr4
327992,ENSMUSG00000070345,Hsf5
56077,ENSMUSG00000000276,Dgke
20913,ENSMUSG00000020546,Stxbp4
103537,ENSMUSG00000059474,Mbtd1
22057,ENSMUSG00000037573,Tob1
237926,ENSMUSG00000039096,Rsad1
264895,ENSMUSG00000076435,Acsf2
73906,ENSMUSG00000086015,4833417C18Rik
11951,ENSMUSG00000006057,Atp5g1
18023,ENSMUSG00000038615,Nfe2l1
319371,ENSMUSG00000078700,D030028A08Rik
103711,ENSMUSG00000018659,Pnpo
16211,ENSMUSG00000001440,Kpnb1
22658,ENSMUSG00000018537,Pcgf2
102466256,ENSMUSG00000098919,Mir8102
72194,ENSMUSG00000020883,Fbxl20
69131,ENSMUSG00000003119,Cdk12
20918,ENSMUSG00000035530,Eif1
20848,ENSMUSG00000004040,Stat3
103733,ENSMUSG00000035198,Tubg1
52469,ENSMUSG00000017188,Coa3
237943,ENSMUSG00000034621,Gpatch8
268491,ENSMUSG00000051455,Meioc
192231,ENSMUSG00000048878,Hexim1
53859,ENSMUSG00000020941,Map3k14
18195,ENSMUSG00000034187,Nsf
11841,ENSMUSG00000062421,Arf2
76719,ENSMUSG00000018412,Kansl1
71833,ENSMUSG00000049354,Dcaf7
26406,ENSMUSG00000020700,Map3k3
67163,ENSMUSG00000078622,Ccdc47
83796,ENSMUSG00000078619,Smarcd2
75870,ENSMUSG00000020712,Tcam1
13207,ENSMUSG00000020719,Ddx5
76380,ENSMUSG00000020728,Cep112
52639,ENSMUSG00000041895,Wipi1
276852,ENSMUSG00000041623,D11Wsu47e
26941,ENSMUSG00000020733,Slc9a3r1
68572,ENSMUSG00000018858,Mrpl58
67283,ENSMUSG00000020744,Slc25a19
15081,ENSMUSG00000016559,H3f3b
217335,ENSMUSG00000020776,Fbf1
15223,ENSMUSG00000034227,Foxj1
319370,ENSMUSG00000050628,Ubald2
217341,ENSMUSG00000070331,Qrich2
69900,ENSMUSG00000020818,Mfsd11
217351,ENSMUSG00000025571,Tnrc6c
72344,ENSMUSG00000033909,Usp36
30951,ENSMUSG00000025578,Cbx8
108100,ENSMUSG00000025372,Baiap2
11465,ENSMUSG00000062825,Actg1
15239,ENSMUSG00000025793,Hgs
18453,ENSMUSG00000025130,P4hb
20892,ENSMUSG00000025144,Cenpx
14104,ENSMUSG00000025153,Fasn
210004,ENSMUSG00000046605,B3gntl1
74173,NA,Rab10os
19325,ENSMUSG00000020671,Rab10
52504,ENSMUSG00000020652,Cenpo
320817,ENSMUSG00000052812,Atad2b
11852,ENSMUSG00000054364,Rhob
17775,ENSMUSG00000020585,Laptm4a
209334,ENSMUSG00000051235,Gen1
70858,ENSMUSG00000114136,4921511I17Rik
16413,ENSMUSG00000062352,Itgb1bp1
22630,ENSMUSG00000076432,Ywhaq
195733,ENSMUSG00000020656,Grhl1
20115,ENSMUSG00000061477,Rps7
104836,ENSMUSG00000020659,Cbll1
320046,ENSMUSG00000052125,F730043M19Rik
11861,ENSMUSG00000047446,Arl4a
100316693,ENSMUSG00000089371,Mir1938
238130,ENSMUSG00000035954,Dock4
93757,ENSMUSG00000056899,Immp2l
100885842,ENSMUSG00000093618,Mir5627
67452,ENSMUSG00000036257,Pnpla8
217517,ENSMUSG00000046314,Stxbp6
217558,ENSMUSG00000035293,G2e3
94186,ENSMUSG00000020954,Strn3
11855,ENSMUSG00000035133,Arhgap5
104725,ENSMUSG00000044408,Sptssa
217578,ENSMUSG00000035021,Baz1a
24067,ENSMUSG00000073079,Srp54a
665155,ENSMUSG00000112449,Srp54b
328099,ENSMUSG00000079104,Prps1l3
338320,ENSMUSG00000021000,Mia2
70611,ENSMUSG00000035329,Fbxo33
66689,ENSMUSG00000020948,Klhl28
30795,ENSMUSG00000020949,Fkbp3
20090,ENSMUSG00000034892,Rps29
217664,ENSMUSG00000043998,Mgat2
238247,ENSMUSG00000048118,Arid4a
67348,ENSMUSG00000100668,1700083H02Rik
19042,ENSMUSG00000021096,Ppm1a
74284,ENSMUSG00000071265,1700086L19Rik
26932,ENSMUSG00000021051,Ppp2r5e
72338,ENSMUSG00000045690,Wdr89
15512,ENSMUSG00000059970,Hspa2
110606,ENSMUSG00000033373,Fntb
53618,ENSMUSG00000021065,Fut8
268566,ENSMUSG00000047454,Gphn
56217,ENSMUSG00000021112,Pals1
13665,ENSMUSG00000021116,Eif2s1
217684,ENSMUSG00000021133,Susd6
100504661,NA,Gm20337
54604,ENSMUSG00000021140,Pcnx
70127,ENSMUSG00000021221,Dpf3
67039,ENSMUSG00000010608,Rbm25
238317,ENSMUSG00000042507,Mideas
104776,ENSMUSG00000021238,Aldh6a1
67963,ENSMUSG00000021242,Npc2
56531,ENSMUSG00000021244,Ylpm1
217715,ENSMUSG00000004788,Eif2b2
26380,ENSMUSG00000021255,Esrrb
104799,ENSMUSG00000021038,Vipas39
20773,ENSMUSG00000021036,Sptlc2
100038378,ENSMUSG00000072884,Gm10433
73086,ENSMUSG00000021180,Rps6ka5
110616,ENSMUSG00000021189,Atxn3
51786,ENSMUSG00000041781,Cpsf2
100504156,ENSMUSG00000096753,Fam181a
192119,ENSMUSG00000041415,Dicer1
69434,ENSMUSG00000113722,Snhg10
18789,ENSMUSG00000021111,Papola
12454,ENSMUSG00000021258,Ccnk
668158,ENSMUSG00000084883,Ccdc85c
13116,ENSMUSG00000021259,Cyp46a1
22632,ENSMUSG00000021264,Yy1
104910,ENSMUSG00000048856,Slc25a47
26931,ENSMUSG00000017843,Ppp2r5c
15519,ENSMUSG00000021270,Hsp90aa1
69641,ENSMUSG00000037957,Wdr20
104859,ENSMUSG00000021275,Tecpr2
217864,ENSMUSG00000037896,Rcor1
217869,ENSMUSG00000021282,Eif5
68520,ENSMUSG00000021286,Zfyve21
382639,ENSMUSG00000037638,Zbtb42
72308,ENSMUSG00000011158,Brf1
104732,ENSMUSG00000037466,Tedc1
56421,ENSMUSG00000021196,Pfkp
319554,ENSMUSG00000058258,Idi1
217980,ENSMUSG00000033499,Larp4b
238505,ENSMUSG00000021311,Mtr
17101,ENSMUSG00000019726,Lyst
97884,ENSMUSG00000039242,B3galnt2
14593,ENSMUSG00000021302,Ggps1
19166,ENSMUSG00000015671,Psma2
66308,ENSMUSG00000012429,Mplkip
69562,ENSMUSG00000041297,Cdk13
76205,ENSMUSG00000003062,Stard3nl
353346,ENSMUSG00000053101,Gpr141
93681,ENSMUSG00000063894,Zkscan8
319170,ENSMUSG00000069309,H2ac22
319167,ENSMUSG00000069301,H2ac11
319165,ENSMUSG00000071478,H2ac7
319163,ENSMUSG00000060081,H2ac1
79555,ENSMUSG00000019132,BC005537
380836,ENSMUSG00000021339,Mrs2
13557,ENSMUSG00000016477,E2f3
78903,ENSMUSG00000021400,Wrnip1
380840,ENSMUSG00000046573,Lyrm4
387244,ENSMUSG00000065421,Mirlet7a-1
218232,ENSMUSG00000038042,Ptpdc1
76895,ENSMUSG00000037933,Bicd2
66336,ENSMUSG00000021391,Cenpp
100124649,ENSMUSG00000119667,Mir683-2
20729,ENSMUSG00000021395,Spin1
66197,ENSMUSG00000062248,Cks2
105404,NA,BB123696
97820,ENSMUSG00000025871,4833439L19Rik
105239,ENSMUSG00000034928,Rnf44
19336,ENSMUSG00000034789,Rab24
26385,ENSMUSG00000074886,Grk6
432763,ENSMUSG00000034686,Prr7
102465569,ENSMUSG00000098341,Mir6944
72935,ENSMUSG00000021494,Ddx41
328258,ENSMUSG00000021509,Slc25a48
77134,ENSMUSG00000007836,Hnrnpa0
15387,ENSMUSG00000021546,Hnrnpk
14088,ENSMUSG00000021461,Fancc
19206,ENSMUSG00000021466,Ptch1
76251,ENSMUSG00000021470,Ercc6l2
238673,ENSMUSG00000044934,Zfp367
218294,ENSMUSG00000033102,Cdc14b
66129,ENSMUSG00000021482,Prxl2c
97895,ENSMUSG00000032999,Nlrp4f
170936,ENSMUSG00000021514,Zfp369
19210,ENSMUSG00000021518,Ptdss1
210009,ENSMUSG00000034617,Mtrr
28114,ENSMUSG00000021595,Nsun2
16372,ENSMUSG00000001504,Irx2
192657,ENSMUSG00000001542,Ell2
105171,ENSMUSG00000074794,Arrdc3
12626,ENSMUSG00000021537,Cetn3
320919,ENSMUSG00000097292,A230107N01Rik
13612,ENSMUSG00000034488,Edil3
108138,ENSMUSG00000021615,Xrcc4
13361,ENSMUSG00000021707,Dhfr
218442,ENSMUSG00000021703,Serinc5
100885837,ENSMUSG00000093480,Mir5624
27015,ENSMUSG00000021668,Polk
15357,ENSMUSG00000021670,Hmgcr
320557,ENSMUSG00000041817,Fam169a
15229,ENSMUSG00000078302,Foxd1
78038,ENSMUSG00000021646,Mccc2
76582,ENSMUSG00000042590,Ipo11
71991,ENSMUSG00000021694,Ercc8
73274,ENSMUSG00000032745,Gpbp1
218613,ENSMUSG00000032727,Mier3
16195,ENSMUSG00000021756,Il6st
76720,ENSMUSG00000114333,1700084D21Rik
208715,ENSMUSG00000093930,Hmgcs1
72465,ENSMUSG00000094870,Zfp131
73549,ENSMUSG00000079407,1700110I01Rik
320333,ENSMUSG00000096039,D830030K20Rik
554327,ENSMUSG00000079388,2610042L04Rik
100041306,ENSMUSG00000094132,Gm3264
100861615,ENSMUSG00000079396,Gm3411
100041151,ENSMUSG00000091754,Gm3636
68308,ENSMUSG00000090585,4933406F09Rik
286940,ENSMUSG00000025278,Flnb
67053,ENSMUSG00000023156,Rpp14
68263,ENSMUSG00000021748,Pdhb
16188,ENSMUSG00000068758,Il3ra
218756,ENSMUSG00000021733,Slc4a7
59007,ENSMUSG00000021785,Ngly1
353187,ENSMUSG00000021775,Nr1d2
432825,ENSMUSG00000095024,Gm5458
67509,ENSMUSG00000045107,Saysd1
22330,ENSMUSG00000021823,Vcl
54169,ENSMUSG00000021767,Kat6b
102465697,ENSMUSG00000105723,Mir7210
105675,ENSMUSG00000021868,Ppif
11843,ENSMUSG00000021877,Arf4
80795,ENSMUSG00000042682,Selenok
69179,ENSMUSG00000006526,Stimate
69019,ENSMUSG00000021917,Spcs1
30877,ENSMUSG00000042354,Gnl3
66487,ENSMUSG00000058351,Smim4
64652,ENSMUSG00000021910,Nisch
319955,ENSMUSG00000054051,Ercc6
26419,ENSMUSG00000021936,Mapk8
66092,ENSMUSG00000041028,Ghitm
70561,ENSMUSG00000021830,Txndc16
72391,ENSMUSG00000037628,Cdkn3
68755,ENSMUSG00000055128,Cgrrf1
78938,ENSMUSG00000037536,Fbxo34
218989,ENSMUSG00000036339,Tmem260
70646,ENSMUSG00000036282,Naa30
11546,ENSMUSG00000036023,Parp2
11792,ENSMUSG00000035960,Apex1
18950,ENSMUSG00000115338,Pnp
15381,ENSMUSG00000060373,Hnrnpc
268741,ENSMUSG00000016831,Tox4
27374,ENSMUSG00000023110,Prmt5
219072,ENSMUSG00000022177,Haus4
56215,ENSMUSG00000022185,Acin1
102632837,ENSMUSG00000112858,Rnf212b
239099,ENSMUSG00000057156,Homez
54196,ENSMUSG00000022194,Pabpn1
68966,ENSMUSG00000022204,Ngdn
28199,ENSMUSG00000022214,Dcaf11
105446,ENSMUSG00000002326,Gmpr2
75339,ENSMUSG00000079184,Mphosph8
66645,ENSMUSG00000021938,Pspc1
100503842,ENSMUSG00000100017,2410022M11Rik
76007,ENSMUSG00000021945,Zmym2
68514,ENSMUSG00000021973,Micu2
219135,ENSMUSG00000021987,Mtmr6
66674,ENSMUSG00000021930,Spryd7
668253,ENSMUSG00000097589,Dleu2
18130,ENSMUSG00000035161,Ints6
102465889,ENSMUSG00000099245,Mir8098
14137,ENSMUSG00000021273,Fdft1
219148,ENSMUSG00000035095,Fam167a
100503545,ENSMUSG00000061356,Nuggc
12177,ENSMUSG00000022051,Bnip3l
105440,ENSMUSG00000034327,Kctd9
105513,ENSMUSG00000034190,Chmp7
57746,ENSMUSG00000033644,Piwil2
213484,ENSMUSG00000045211,Nudt18
72661,ENSMUSG00000052584,Serp2
239188,ENSMUSG00000022012,Enox1
56419,ENSMUSG00000022021,Diaph3
76789,ENSMUSG00000033186,Mzt1
52023,ENSMUSG00000022064,Pibf1
12224,ENSMUSG00000005148,Klf5
18996,ENSMUSG00000048349,Pou4f1
58245,ENSMUSG00000022131,Gpr180
100037258,ENSMUSG00000022136,Dnajc3
75432,ENSMUSG00000100274,1700006F04Rik
239283,ENSMUSG00000044819,Oxgr1
105559,ENSMUSG00000022139,Mbnl2
70572,ENSMUSG00000030662,Ipo5
68889,ENSMUSG00000041765,Ubac2
106064,ENSMUSG00000041935,Rimoc1
223825,ENSMUSG00000022155,Mroh2b
20512,ENSMUSG00000005360,Slc1a3
68646,ENSMUSG00000022253,Nadk2
27401,ENSMUSG00000054115,Skp2
110960,ENSMUSG00000022241,Tars
268783,ENSMUSG00000039458,Mtmr12
211147,ENSMUSG00000022269,Marchf11
432940,ENSMUSG00000046034,Otulin
12465,ENSMUSG00000022234,Cct5
30945,ENSMUSG00000022280,Rnf19a
18458,ENSMUSG00000022283,Pabpc1
22631,ENSMUSG00000022285,Ywhaz
18285,ENSMUSG00000061923,Odf1
21847,ENSMUSG00000037465,Klf10
55960,ENSMUSG00000022339,Ebag9
14042,ENSMUSG00000061731,Ext1
67819,ENSMUSG00000022365,Derl1
210544,ENSMUSG00000022364,Tbc1d31
22770,ENSMUSG00000022361,Zhx1
70472,ENSMUSG00000022360,Atad2
210998,ENSMUSG00000037119,Fam91a1
211770,ENSMUSG00000032501,Trib1
100503021,ENSMUSG00000115426,Gm19510
223601,ENSMUSG00000022378,Cyrib
380993,ENSMUSG00000022335,Zfat
76510,ENSMUSG00000047921,Trappc9
15202,ENSMUSG00000068600,Gml2
22701,ENSMUSG00000047003,Zfp41
378435,ENSMUSG00000047591,Mafa
66656,ENSMUSG00000055762,Eef1d
69020,ENSMUSG00000034429,Zfp707
100503915,ENSMUSG00000071724,Smpd5
106025,ENSMUSG00000022552,Sharpin
223658,ENSMUSG00000022558,Mroh1
12181,ENSMUSG00000022557,Bop1
17886,ENSMUSG00000022443,Myh9
67042,ENSMUSG00000016637,Ift27
207393,ENSMUSG00000043460,Elfn2
106039,ENSMUSG00000033128,Gga1
57028,ENSMUSG00000116165,Pdxp
223690,ENSMUSG00000033055,Ankrd54
18693,ENSMUSG00000068206,Pick1
67040,ENSMUSG00000055065,Ddx17
13404,ENSMUSG00000022429,Dmc1
74158,ENSMUSG00000022426,Josd1
52609,ENSMUSG00000053411,Cbx7
27367,ENSMUSG00000060036,Rpl3
11911,ENSMUSG00000042406,Atf4
11564,ENSMUSG00000022407,Adsl
223701,ENSMUSG00000042292,Mrtfa
321003,ENSMUSG00000022401,Xpnpep3
21685,ENSMUSG00000022389,Tef
14375,ENSMUSG00000022471,Xrcc6
66570,ENSMUSG00000068101,Cenpm
69291,NA,1700001L05Rik
23970,ENSMUSG00000016664,Pacsin2
77627,ENSMUSG00000022441,Efcab6
18141,ENSMUSG00000016619,Nup50
73225,ENSMUSG00000022434,Fam118a
72355,ENSMUSG00000064284,Cdpf1
223773,ENSMUSG00000034333,Zbed4
223774,ENSMUSG00000035845,Alg12
223775,ENSMUSG00000035828,Pim3
239591,ENSMUSG00000022388,Ttll8
77980,ENSMUSG00000036529,Sbf1
100134861,ENSMUSG00000116461,Gm44502
67760,ENSMUSG00000022462,Slc38a2
69612,ENSMUSG00000022992,Kansl2
12455,ENSMUSG00000011960,Ccnt1
381022,ENSMUSG00000048154,Kmt2d
74775,ENSMUSG00000022999,Lmbr1l
22143,ENSMUSG00000023004,Tuba1b
102637490,ENSMUSG00000116371,Gm34284
83797,ENSMUSG00000023018,Smarcd1
21422,ENSMUSG00000009733,Tfcp2
23994,ENSMUSG00000000346,Dazap2
59033,ENSMUSG00000023032,Slc4a8
15370,ENSMUSG00000023034,Nr4a1
68118,ENSMUSG00000037204,Atg101
75705,ENSMUSG00000058655,Eif4b
246277,ENSMUSG00000023044,Csad
223922,ENSMUSG00000099083,Atf7
12419,ENSMUSG00000009575,Cbx5
74120,ENSMUSG00000022529,Zfp263
385674,ENSMUSG00000054939,Zfp174
105246059,ENSMUSG00000005983,Gm41410
52864,ENSMUSG00000039738,Slx4
68015,ENSMUSG00000005981,Trap1
83383,ENSMUSG00000005718,Tfap4
83945,ENSMUSG00000004069,Dnaja3
66626,ENSMUSG00000004071,Cdip1
72615,ENSMUSG00000022515,Anks3
66049,ENSMUSG00000022540,Rogdi
170644,ENSMUSG00000039473,Ubn1
27426,ENSMUSG00000023143,Nagpa
70511,ENSMUSG00000022544,Eef2kmt
54128,ENSMUSG00000022711,Pmm2
69053,ENSMUSG00000022507,1810013L24Rik
381033,ENSMUSG00000116270,Gm1600
74374,ENSMUSG00000068663,Clec16a
12703,ENSMUSG00000038037,Socs1
106205,ENSMUSG00000037965,Zc3h7a
100316833,ENSMUSG00000088544,Mir1945
50505,ENSMUSG00000022545,Ercc4
66086,ENSMUSG00000022677,Cep20
17217,ENSMUSG00000022673,Mcm4
106369,ENSMUSG00000022773,Ypel1
64136,ENSMUSG00000022769,Sdf2l1
224019,ENSMUSG00000055692,Tmem191
12929,ENSMUSG00000006134,Crkl
13356,ENSMUSG00000003166,Dgcr2
15547,ENSMUSG00000022721,Trmt2a
12846,ENSMUSG00000000326,Comt
208146,ENSMUSG00000041215,Yeats2
208643,ENSMUSG00000045983,Eif4g1
75826,ENSMUSG00000022855,Senp2
20462,ENSMUSG00000022858,Tra2b
104156,ENSMUSG00000013089,Etv5
67838,ENSMUSG00000004460,Dnajb11
12053,ENSMUSG00000022508,Bcl6
78618,ENSMUSG00000049076,Acap2
66994,ENSMUSG00000035790,Cep19
239839,ENSMUSG00000022833,Ccdc14
317717,ENSMUSG00000034473,Sec22a
106389,ENSMUSG00000022838,Eaf2
56637,ENSMUSG00000022812,Gsk3b
11544,ENSMUSG00000002844,Adprh
106248,ENSMUSG00000022704,Qtrt2
67841,ENSMUSG00000022663,Atg3
58998,ENSMUSG00000022656,Nectin3
73916,ENSMUSG00000032965,Ift57
619312,ENSMUSG00000097694,G730013B05Rik
271377,ENSMUSG00000022601,Zbtb11
76302,ENSMUSG00000071533,Pcnp
224250,ENSMUSG00000022744,Cldnd1
68146,ENSMUSG00000022911,Arl13b
11957,ENSMUSG00000022890,Atp5j
11820,ENSMUSG00000022892,App
21844,ENSMUSG00000002489,Tiam1
224432,ENSMUSG00000022983,Scaf4
26559,ENSMUSG00000053414,Hunk
207932,ENSMUSG00000039929,Urb1
68001,ENSMUSG00000022972,Cfap298
67367,ENSMUSG00000022974,Paxbp1
77975,ENSMUSG00000022964,Tmem50b
14450,ENSMUSG00000022962,Gart
28080,ENSMUSG00000022956,Atp5o
121022,ENSMUSG00000039680,Mrps6
246133,ENSMUSG00000039672,Kcne2
54720,ENSMUSG00000022951,Rcan1
12394,ENSMUSG00000022952,Runx1
224440,ENSMUSG00000022948,Setd4
56173,ENSMUSG00000047109,Cldn14
20465,ENSMUSG00000062713,Sim2
22129,ENSMUSG00000040785,Ttc3
13185,ENSMUSG00000022898,Vps26c
13548,ENSMUSG00000022897,Dyrk1a
15312,ENSMUSG00000040681,Hmgn1
114604,ENSMUSG00000014039,Prdm15
328734,NA,Pisd-ps2
75117,ENSMUSG00000116767,4930517M08Rik
100310872,ENSMUSG00000092074,Dynlt1a
21648,ENSMUSG00000096255,Dynlt1b
100040531,ENSMUSG00000095677,Dynlt1f
22350,ENSMUSG00000052397,Ezr
380608,ENSMUSG00000052031,Tagap1
75296,ENSMUSG00000069135,Cep43
104103,ENSMUSG00000078247,Airn
21454,ENSMUSG00000068039,Tcp1
51792,ENSMUSG00000007564,Ppp2r1a
74149,ENSMUSG00000071266,Zfp946
75956,ENSMUSG00000039218,Srrm2
11984,ENSMUSG00000024121,Atp6v0c
27410,ENSMUSG00000024130,Abca3
13560,ENSMUSG00000024137,E4f1
224619,ENSMUSG00000052752,Traf7
75178,ENSMUSG00000024155,Meiob
14651,ENSMUSG00000024158,Hagh
26426,ENSMUSG00000039183,Nubp2
106633,ENSMUSG00000024169,Ift140
71718,ENSMUSG00000024170,Telo2
22196,ENSMUSG00000015120,Ube2i
106707,ENSMUSG00000041199,Rpusd1
56424,ENSMUSG00000039615,Stub1
106581,ENSMUSG00000024187,Fam234a
66978,ENSMUSG00000024188,Luc7l
77128,ENSMUSG00000048249,Crebrf
16580,ENSMUSG00000024301,Kifc5b
67675,ENSMUSG00000024194,Cuta
474156,ENSMUSG00000079605,Zbtb9
21463,ENSMUSG00000062859,Tcp11
72775,ENSMUSG00000007570,Fance
268936,ENSMUSG00000063952,Brpf3
106504,ENSMUSG00000024006,Stk38
20383,ENSMUSG00000071172,Srsf3
12575,ENSMUSG00000023067,Cdkn1a
74116,ENSMUSG00000024011,Pi16
21769,ENSMUSG00000044477,Zfand3
22092,ENSMUSG00000024033,Rsph1
18771,ENSMUSG00000006705,Pknox1
56399,ENSMUSG00000024045,Akap8
54194,ENSMUSG00000002625,Akap8l
22404,ENSMUSG00000024050,Wiz
240069,ENSMUSG00000048602,Morc2b
19326,ENSMUSG00000077450,Rab11b
80880,ENSMUSG00000042099,Kank3
100502766,ENSMUSG00000079553,Kifc1
13163,ENSMUSG00000002307,Daxx
21356,ENSMUSG00000024308,Tapbp
14977,ENSMUSG00000024327,Slc39a7
14998,ENSMUSG00000037649,H2-DMa
14312,ENSMUSG00000024335,Brd2
18132,ENSMUSG00000015468,Notch4
54197,ENSMUSG00000015478,Rnf5
112403,ENSMUSG00000040482,Dxo
17687,ENSMUSG00000007035,Msh5
193742,ENSMUSG00000007036,Abhd16a
224727,ENSMUSG00000024392,Bag6
53761,ENSMUSG00000024393,Prrc2a
53817,ENSMUSG00000019432,Ddx39b
106795,ENSMUSG00000050410,Tcf19
268949,ENSMUSG00000073408,Mucl3
68915,ENSMUSG00000038838,Vars2
240087,ENSMUSG00000061607,Mdc1
69192,ENSMUSG00000024422,Dhx16
52040,ENSMUSG00000039220,Ppp1r10
14670,ENSMUSG00000024429,Gnl1
66136,ENSMUSG00000036315,Polr1h
17850,ENSMUSG00000023921,Mmut
381101,ENSMUSG00000040658,Dnph1
27398,ENSMUSG00000002767,Mrpl2
17256,ENSMUSG00000002768,Mea1
72029,ENSMUSG00000023973,Cnpy3
210982,ENSMUSG00000036568,Bicral
12445,ENSMUSG00000034165,Ccnd3
106821,ENSMUSG00000040771,Oard1
72415,ENSMUSG00000023940,Sgo1
15193,ENSMUSG00000002833,Hdgfl2
224897,ENSMUSG00000001229,Dpp9
14154,ENSMUSG00000043683,Fem1a
18140,ENSMUSG00000001228,Uhrf1
193796,ENSMUSG00000024201,Kdm4b
19280,ENSMUSG00000013236,Ptprs
224903,ENSMUSG00000071054,Safb
224904,ENSMUSG00000049760,Micos13
71810,ENSMUSG00000002372,Ranbp3
19725,ENSMUSG00000024206,Rfx2
98053,ENSMUSG00000002658,Gtf2f1
16549,ENSMUSG00000007670,Khsrp
106628,ENSMUSG00000019487,Trip10
414079,ENSMUSG00000090565,4930405O22Rik
14158,ENSMUSG00000000127,Fer
224938,ENSMUSG00000024083,Pja2
17158,ENSMUSG00000024085,Man2a1
30960,ENSMUSG00000024091,Vapa
19765,ENSMUSG00000024096,Ralbp1
21815,ENSMUSG00000047407,Tgif1
17929,ENSMUSG00000024049,Myom1
70891,ENSMUSG00000052525,Spdya
383295,ENSMUSG00000039770,Ypel5
12211,ENSMUSG00000024073,Birc6
320473,ENSMUSG00000039414,Heatr5b
19106,ENSMUSG00000024079,Eif2ak2
260409,ENSMUSG00000036533,Cdc42ep3
72692,ENSMUSG00000024095,Hnrnpll
225027,ENSMUSG00000024097,Srsf7
68531,ENSMUSG00000097047,1110020A21Rik
19043,ENSMUSG00000061130,Ppm1b
74915,ENSMUSG00000053375,Atp6v1e2
56468,ENSMUSG00000037104,Socs5
12314,ENSMUSG00000036438,Calm2
17075,ENSMUSG00000045394,Epcam
73825,ENSMUSG00000034709,Ppp1r21
12916,ENSMUSG00000063889,Crem
240186,ENSMUSG00000050945,Zfp438
19877,ENSMUSG00000024290,Rock1
20641,ENSMUSG00000002477,Snrpd1
56515,ENSMUSG00000024317,Rnf138
59057,ENSMUSG00000051469,Zfp24
225280,ENSMUSG00000047989,Ino80c
68046,ENSMUSG00000024273,2700062C07Rik
106957,ENSMUSG00000024270,Slc39a6
78058,ENSMUSG00000117618,4930578E11Rik
269003,ENSMUSG00000024260,Sap130
225339,ENSMUSG00000041915,Ammecr1l
26405,ENSMUSG00000024383,Map3k2
170459,ENSMUSG00000024378,Stard4
52563,ENSMUSG00000024370,Cdc23
12532,ENSMUSG00000044201,Cdc25c
225363,ENSMUSG00000024360,Etf1
15526,ENSMUSG00000024359,Hspa9
108857,ENSMUSG00000024483,Ankhd1
13367,ENSMUSG00000024456,Diaph1
15183,ENSMUSG00000024454,Hdac3
240261,ENSMUSG00000071855,Ccdc112
240263,ENSMUSG00000033319,Fem1c
240283,ENSMUSG00000037416,Dmxl1
67634,ENSMUSG00000024510,Ftmt
225523,ENSMUSG00000048799,Cep120
16906,ENSMUSG00000024590,Lmnb1
320253,ENSMUSG00000032656,Marchf3
67665,ENSMUSG00000024603,Dctn4
19434,ENSMUSG00000024518,Rax
58801,ENSMUSG00000024521,Pmaip1
14680,ENSMUSG00000024524,Gnal
69597,ENSMUSG00000024527,Afg3l2
19255,ENSMUSG00000024539,Ptpn2
17191,ENSMUSG00000024513,Mbd2
240396,ENSMUSG00000037253,Mex3c
107029,ENSMUSG00000024556,Me2
69190,ENSMUSG00000035765,Dym
207259,ENSMUSG00000044646,Zbtb7c
17126,ENSMUSG00000024563,Smad2
240442,ENSMUSG00000053950,Adnp2
67655,ENSMUSG00000033323,Ctdp1
18018,ENSMUSG00000033016,Nfatc1
66054,ENSMUSG00000024644,Cndp2
50764,ENSMUSG00000034391,Fbxo15
17771,ENSMUSG00000024905,Tesmin
52036,ENSMUSG00000024908,Ppp6r3
225888,ENSMUSG00000045098,Kmt5b
12660,ENSMUSG00000024843,Chka
52004,ENSMUSG00000024856,Cdk2ap2
11632,ENSMUSG00000024847,Aip
225876,ENSMUSG00000054611,Kdm2a
18563,ENSMUSG00000024892,Pcx
20743,ENSMUSG00000067889,Sptbn2
102902673,ENSMUSG00000096370,Gm21992
107392,ENSMUSG00000080268,Brms1
107975,ENSMUSG00000024855,Pacs1
225861,ENSMUSG00000056185,Snx32
104401,ENSMUSG00000054874,Pcnx3
74126,ENSMUSG00000024807,Syvn1
56327,ENSMUSG00000024944,Arl2
22668,ENSMUSG00000024949,Sf1
16528,ENSMUSG00000024957,Kcnk4
14227,ENSMUSG00000056629,Fkbp2
20867,ENSMUSG00000024966,Stip1
107260,ENSMUSG00000024767,Otub1
13728,ENSMUSG00000024969,Mark2
68229,ENSMUSG00000024970,Spindoc
68693,ENSMUSG00000071659,Hnrnpul2
23942,ENSMUSG00000071646,Mta2
67160,ENSMUSG00000071644,Eef1g
14156,ENSMUSG00000024742,Fen1
13194,ENSMUSG00000024740,Ddb1
68539,ENSMUSG00000034659,Tmem109
28000,ENSMUSG00000024735,Prpf19
76303,ENSMUSG00000024687,Osbp
107321,ENSMUSG00000024696,Lpxn
21888,ENSMUSG00000024642,Tle4
107272,ENSMUSG00000024640,Psat1
67383,ENSMUSG00000024726,Carnmt1
225995,ENSMUSG00000047044,D030056L22Rik
226016,ENSMUSG00000047368,Abhd17b
16601,ENSMUSG00000033863,Klf9
52874,ENSMUSG00000041360,Pum3
19726,ENSMUSG00000040929,Rfx3
59028,ENSMUSG00000024785,Rcl1
58205,ENSMUSG00000016498,Pdcd1lg2
240613,ENSMUSG00000046138,9930021J03Rik
208449,ENSMUSG00000040451,Sgms1
107182,ENSMUSG00000040565,Btaf1
14296,ENSMUSG00000067199,Frat1
212398,ENSMUSG00000047604,Frat2
66583,ENSMUSG00000034321,Exosc1
72199,ENSMUSG00000025159,Mms19
84095,ENSMUSG00000025178,Pi4k2a
69534,ENSMUSG00000018821,Avpi1
14718,ENSMUSG00000025190,Got1
100502982,ENSMUSG00000117698,BC037704
30049,ENSMUSG00000025202,Scd3
20250,ENSMUSG00000025203,Scd2
226153,ENSMUSG00000025209,Twnk
76055,ENSMUSG00000025220,Oga
18742,ENSMUSG00000025229,Pitx3
76952,ENSMUSG00000025041,Nt5c2
170750,ENSMUSG00000025027,Xpnpep1
76479,ENSMUSG00000025024,Smndc1
13006,ENSMUSG00000024974,Smc3
66980,ENSMUSG00000024982,Zdhhc6
240675,ENSMUSG00000025082,Vwa2
74998,ENSMUSG00000040022,Rab11fip2
94281,ENSMUSG00000063698,Sfxn4
633057,ENSMUSG00000094649,Gm7102
12982,ENSMUSG00000059326,Csf2ra
18108,ENSMUSG00000026643,Nmt2
227522,ENSMUSG00000049950,Rpp38
326622,ENSMUSG00000043241,Upf2
50755,ENSMUSG00000058594,Fbh1
13434,ENSMUSG00000026723,Trdmt1
30963,ENSMUSG00000063275,Hacd1
20844,ENSMUSG00000026718,Stam
74455,ENSMUSG00000026707,Nsun6
381350,ENSMUSG00000037708,Spag6
71198,ENSMUSG00000043415,Otud1
227613,ENSMUSG00000036752,Tubb4b
97031,ENSMUSG00000048707,Tprn
227619,ENSMUSG00000036646,Man1b1
227622,ENSMUSG00000047617,Paxx
69379,ENSMUSG00000015083,C8g
51875,ENSMUSG00000026939,Tmem141
100125929,ENSMUSG00000086714,0610009E02Rik
20932,ENSMUSG00000014867,Surf4
329375,ENSMUSG00000079502,Cfap77
269254,ENSMUSG00000043535,Setx
18286,ENSMUSG00000026790,Odf2
241296,ENSMUSG00000007476,Lrrc8a
57170,ENSMUSG00000026856,Dolpp1
227707,ENSMUSG00000026851,BC005624
108168742,ENSMUSG00000087549,Gm13427
72931,ENSMUSG00000044627,Swi5
73737,ENSMUSG00000039195,Bbln
227731,ENSMUSG00000026819,Slc25a25
98952,ENSMUSG00000039157,Fam102a
14287,ENSMUSG00000009566,Fpgs
99326,ENSMUSG00000038860,Garnl3
18516,ENSMUSG00000038718,Pbx3
14828,ENSMUSG00000026864,Hspa5
68365,ENSMUSG00000026878,Rab14
74192,ENSMUSG00000026755,Arpc5l
67857,ENSMUSG00000026753,Ppp6c
56194,ENSMUSG00000061136,Prpf40a
227960,ENSMUSG00000026893,Gca
53416,ENSMUSG00000027030,Stk39
227998,ENSMUSG00000053896,4933409G03Rik
70231,ENSMUSG00000014959,Gorasp2
228019,ENSMUSG00000041975,Mettl8
107435,ENSMUSG00000027018,Hat1
20687,ENSMUSG00000027109,Sp3
68526,ENSMUSG00000041762,Gpr155
11909,ENSMUSG00000027104,Atf2
69605,ENSMUSG00000009207,Lnpk
229279,ENSMUSG00000059005,Hnrnpa3
72421,ENSMUSG00000075273,Ttc30b
228071,ENSMUSG00000042272,Sestd1
241494,ENSMUSG00000027016,Zfp385b
381379,ENSMUSG00000027080,Med19
228136,ENSMUSG00000034075,Zdhhc5
30059,ENSMUSG00000027076,Timm10
20833,ENSMUSG00000027067,Ssrp1
55935,ENSMUSG00000008200,Fnbp4
228355,ENSMUSG00000040687,Madd
75786,ENSMUSG00000040549,Ckap5
102466783,ENSMUSG00000099093,Mir7000
69113,ENSMUSG00000040174,Alkbh3
56348,ENSMUSG00000027195,Hsd17b12
27402,ENSMUSG00000010914,Pdhx
68243,ENSMUSG00000032671,A930018P22Rik
228410,ENSMUSG00000027176,Cstf3
214230,ENSMUSG00000074923,Pak6
76464,ENSMUSG00000027326,Knl1
69408,ENSMUSG00000034278,Dnajc17
68142,ENSMUSG00000034154,Ino80
76246,ENSMUSG00000027304,Rtf1
29808,ENSMUSG00000033943,Mga
98878,ENSMUSG00000027293,Ehd4
68968,ENSMUSG00000027284,Cdan1
100502700,ENSMUSG00000087519,AV039307
27223,ENSMUSG00000043909,Trp53bp1
17754,ENSMUSG00000027254,Map1a
14827,ENSMUSG00000027248,Pdia3
378702,ENSMUSG00000074884,Serf2
319996,ENSMUSG00000060227,Golm2
17147,ENSMUSG00000074881,Mageb3
18457,ENSMUSG00000005804,Bloc1s6
110074,ENSMUSG00000027203,Dut
99100,ENSMUSG00000068394,Cep152
215387,ENSMUSG00000034906,Ncaph
26371,ENSMUSG00000003662,Ciao1
99138,ENSMUSG00000027367,Stard7
17153,ENSMUSG00000027375,Mal
78751,ENSMUSG00000042851,Zc3h6
20515,ENSMUSG00000027397,Slc20a1
67326,ENSMUSG00000027327,1700037H04Rik
18538,ENSMUSG00000027342,Pcna
66634,ENSMUSG00000027353,Mcm8
59030,ENSMUSG00000027274,Mkks
75812,ENSMUSG00000039033,Tasp1
72899,ENSMUSG00000068205,Macrod2
16558,ENSMUSG00000038844,Kif16b
56431,ENSMUSG00000015932,Dstn
81910,ENSMUSG00000027422,Rrbp1
69178,ENSMUSG00000027423,Snx5
241688,ENSMUSG00000037259,Dzank1
27054,ENSMUSG00000027429,Sec23b
241694,ENSMUSG00000037110,Ralgapa2
24128,ENSMUSG00000027433,Xrn2
74533,ENSMUSG00000027439,Gzf1
20667,ENSMUSG00000051817,Sox12
66405,ENSMUSG00000042814,Mcts2
12048,ENSMUSG00000007659,Bcl2l1
12396,ENSMUSG00000038533,Cbfa2t2
19383,ENSMUSG00000027593,Raly
67204,ENSMUSG00000074656,Eif2s2
50518,ENSMUSG00000027596,a
68728,ENSMUSG00000038375,Trp53inp2
207182,ENSMUSG00000027603,Ggt7
14854,ENSMUSG00000027610,Gss
56046,ENSMUSG00000005882,Uqcc1
16328,ENSMUSG00000038241,Cep250
18041,ENSMUSG00000027618,Nfs1
170791,ENSMUSG00000027620,Rbm39
228829,ENSMUSG00000038116,Phf20
67388,ENSMUSG00000027637,Rab5if
108168734,ENSMUSG00000099632,2900093K20Rik
67145,ENSMUSG00000018322,Tomm34
52840,ENSMUSG00000017734,Dbndd2
641368,ENSMUSG00000074593,Spint5
68612,ENSMUSG00000001403,Ube2c
170789,ENSMUSG00000017307,Acot8
228869,ENSMUSG00000039804,Ncoa5
228880,ENSMUSG00000039671,Zmynd8
17979,ENSMUSG00000027678,Ncoa3
110750,ENSMUSG00000002718,Cse1l
20613,ENSMUSG00000042821,Snai1
66589,ENSMUSG00000078923,Ube2v1
407243,ENSMUSG00000090213,Peds1
58220,ENSMUSG00000044641,Pard6b
228913,ENSMUSG00000052056,Zfp217
20878,ENSMUSG00000027496,Aurka
12162,ENSMUSG00000008999,Bmp7
66679,ENSMUSG00000027509,Rae1
74161,ENSMUSG00000087382,Ctcflos
58203,ENSMUSG00000027514,Zbp1
56802,ENSMUSG00000086537,Gnasas1
67126,ENSMUSG00000016252,Atp5e
74189,ENSMUSG00000027525,Phactr3
320558,ENSMUSG00000060445,Sycp2
241846,ENSMUSG00000039108,Lsm14b
52856,ENSMUSG00000039069,Mtg2
228983,ENSMUSG00000039050,Osbpl2
23856,ENSMUSG00000038914,Dido1
229055,ENSMUSG00000069114,Zbtb10
75497,ENSMUSG00000027530,Fabp12
229096,ENSMUSG00000047213,Ythdf3
18583,ENSMUSG00000069094,Pde7a
381485,ENSMUSG00000060913,Trim55
20585,ENSMUSG00000002428,Hltf
13605,ENSMUSG00000027699,Ect2
67778,ENSMUSG00000027667,Zfp639
56456,ENSMUSG00000027671,Actl6a
66046,ENSMUSG00000027673,Ndufb5
229227,ENSMUSG00000037270,Bltp1
14173,ENSMUSG00000037225,Fgf2
229228,ENSMUSG00000050174,Nudt6
99696,ENSMUSG00000044864,Ankrd50
18415,ENSMUSG00000025757,Hspa4l
214048,ENSMUSG00000025762,Larp1b
70804,ENSMUSG00000049940,Pgrmc2
269424,ENSMUSG00000025764,Jade1
67746,ENSMUSG00000087440,4930577N17Rik
108927,ENSMUSG00000048332,Lhfp
24017,ENSMUSG00000036503,Rnf13
229317,ENSMUSG00000027810,Eif2a
20439,ENSMUSG00000036432,Siah2
11416,ENSMUSG00000027822,Slc33a1
229363,ENSMUSG00000027823,Gmps
99929,ENSMUSG00000034640,Tiparp
68259,ENSMUSG00000027778,Ift80
66949,ENSMUSG00000034317,Trim59
97112,ENSMUSG00000027787,Nmd3
56426,ENSMUSG00000027835,Pdcd10
329679,ENSMUSG00000061175,Fnip2
66841,ENSMUSG00000027809,Etfdh
213582,ENSMUSG00000033900,Map9
78212,ENSMUSG00000086273,Rbm46os
229473,ENSMUSG00000033767,Tmem131l
76915,ENSMUSG00000033752,Mnd1
15191,ENSMUSG00000004897,Hdgf
246703,ENSMUSG00000028070,Naxe
17261,ENSMUSG00000001419,Mef2d
76642,ENSMUSG00000096935,1700113A16Rik
12462,ENSMUSG00000001416,Cct3
83409,ENSMUSG00000028062,Lamtor2
66256,ENSMUSG00000041355,Ssr2
74200,ENSMUSG00000028060,Khdc4
229524,ENSMUSG00000068922,Msto1
65111,ENSMUSG00000068921,Dap3
20416,ENSMUSG00000042626,Shc1
100043813,ENSMUSG00000050621,Rps27rt
23922,ENSMUSG00000027937,Jtb
75778,ENSMUSG00000028145,Them4
72634,ENSMUSG00000041912,Tdrkh
53970,ENSMUSG00000005774,Rfx5
78266,ENSMUSG00000019338,Zfp687
18720,ENSMUSG00000028126,Pip5k1a
56205,ENSMUSG00000038619,Ensa
66471,ENSMUSG00000015749,Anp32e
15267,ENSMUSG00000064220,H2ac18
15077,ENSMUSG00000093769,H3c14
83679,ENSMUSG00000038170,Pde4dip
229644,ENSMUSG00000033233,Trim45
242126,ENSMUSG00000033147,Slc22a15
20957,ENSMUSG00000027855,Sycp1
68183,ENSMUSG00000005687,Bcas2
229675,ENSMUSG00000044098,Rsbn1
99470,ENSMUSG00000052539,Magi3
20501,ENSMUSG00000032902,Slc16a1
11950,ENSMUSG00000000563,Atp5pb
229700,ENSMUSG00000048109,Rbm15
20661,ENSMUSG00000068747,Sort1
99512,ENSMUSG00000040389,Wdr47
66921,ENSMUSG00000027881,Prpf38b
229776,ENSMUSG00000033502,Cdc14a
71994,ENSMUSG00000053931,Cnn3
100306957,ENSMUSG00000092730,Snora24
28036,ENSMUSG00000027968,Larp7
70617,ENSMUSG00000050549,Fam241a
67553,ENSMUSG00000028018,Gstcd
319587,ENSMUSG00000097032,4930539J05Rik
51788,ENSMUSG00000037894,H2az1
108943,ENSMUSG00000004127,Trmt10a
11532,ENSMUSG00000028138,Adh5
109333,ENSMUSG00000004591,Pkn2
23908,ENSMUSG00000040151,Hs2st1
51886,ENSMUSG00000028034,Fubp1
55993,ENSMUSG00000005493,Msh4
320790,ENSMUSG00000041235,Chd7
71801,ENSMUSG00000049969,Plekhf2
12448,ENSMUSG00000028212,Ccne2
66185,ENSMUSG00000040720,Virma
100503636,NA,1700123M08Rik
66625,ENSMUSG00000028248,Pnisr
212377,ENSMUSG00000045751,Mms22l
26409,ENSMUSG00000028284,Map3k7
12014,ENSMUSG00000040270,Bach2
108767,ENSMUSG00000040128,Pnrc1
24018,ENSMUSG00000028274,Rngtt
100504309,ENSMUSG00000028407,Smim27
15502,ENSMUSG00000028410,Dnaja1
74255,ENSMUSG00000028409,Smu1
14595,ENSMUSG00000028413,B4galt1
12017,ENSMUSG00000028416,Bag1
74164,ENSMUSG00000028423,Nfx1
109242,ENSMUSG00000028438,Kif24
329828,ENSMUSG00000046312,Myorg
622404,ENSMUSG00000028461,Ccdc107
12913,ENSMUSG00000028466,Creb3
242408,ENSMUSG00000043633,Fam221b
73469,ENSMUSG00000035696,Rnf38
230119,ENSMUSG00000049657,Zbtb5
230126,ENSMUSG00000044813,Shb
100121,ENSMUSG00000035517,Tdrd7
21812,ENSMUSG00000007613,Tgfbr1
56737,ENSMUSG00000039740,Alg2
18124,ENSMUSG00000028341,Nr4a3
14211,ENSMUSG00000028312,Smc2
66536,ENSMUSG00000015247,Nipsnap3b
246179,ENSMUSG00000028414,Fktn
19359,ENSMUSG00000028426,Rad23b
72479,ENSMUSG00000028383,Hsdl2
230259,ENSMUSG00000045071,E130308A19Rik
66209,ENSMUSG00000038544,Inip
22696,ENSMUSG00000028389,Zfp37
20529,ENSMUSG00000066150,Slc31a1
66440,ENSMUSG00000066149,Cdc26
17025,ENSMUSG00000028393,Alad
214106,ENSMUSG00000058046,4933430I17Rik
214444,ENSMUSG00000039298,Cdk5rap2
230316,ENSMUSG00000039270,Megf9
21885,ENSMUSG00000008305,Tle1
329877,ENSMUSG00000038024,Dennd4c
67694,ENSMUSG00000028576,Ift74
16476,ENSMUSG00000052684,Jun
319247,ENSMUSG00000044125,9530080O11Rik
230514,ENSMUSG00000035212,Leprot
74754,ENSMUSG00000034926,Dhcr24
72354,ENSMUSG00000025413,Ttc4
329910,ENSMUSG00000034853,Acot11
72475,ENSMUSG00000061887,Ssbp3
230582,ENSMUSG00000028621,Cyb5rl
72938,ENSMUSG00000063172,Hspb11
66073,ENSMUSG00000028567,Txndc12
242620,ENSMUSG00000047143,Dmrta2
20460,ENSMUSG00000028718,Stil
72181,ENSMUSG00000028706,Nsun4
230654,ENSMUSG00000028703,Lrrc41
77110,ENSMUSG00000034042,Gpbp1l1
18477,ENSMUSG00000028691,Prdx1
230661,ENSMUSG00000033985,Tesk2
68276,ENSMUSG00000028688,Toe1
230673,ENSMUSG00000033365,Ipo13
230674,ENSMUSG00000033326,Kdm4a
107995,ENSMUSG00000006398,Cdc20
195522,ENSMUSG00000045268,Zfp691
230696,ENSMUSG00000078584,AU022252
22608,ENSMUSG00000028639,Ybx1
73332,ENSMUSG00000028637,Ccdc30
51797,ENSMUSG00000028633,Ctps
18046,ENSMUSG00000032897,Nfyc
109263,ENSMUSG00000049878,Rlf
12331,ENSMUSG00000028656,Cap1
56309,ENSMUSG00000028647,Mycbp
54170,ENSMUSG00000028646,Rragc
102634646,ENSMUSG00000086589,Gm12915
230753,ENSMUSG00000043962,Thrap3
100317,ENSMUSG00000028830,AU040320
100177,ENSMUSG00000042408,Zmym6
242669,ENSMUSG00000028789,Azin2
11637,ENSMUSG00000028792,Ak2
75234,ENSMUSG00000028793,Rnf19b
19646,ENSMUSG00000057236,Rbbp4
100383,ENSMUSG00000040859,Bsdc1
20218,ENSMUSG00000028790,Khdrbs1
67898,ENSMUSG00000028779,Pef1
619605,ENSMUSG00000028772,Zcchc17
269587,ENSMUSG00000028906,Epb41
19891,ENSMUSG00000028884,Rpa2
230789,ENSMUSG00000028878,Fam76a
230796,ENSMUSG00000037622,Wdtc1
100342,ENSMUSG00000046694,Tent5b
18221,ENSMUSG00000028851,Nudc
100210,ENSMUSG00000028848,Gpn2
20111,ENSMUSG00000003644,Rps6ka1
70012,ENSMUSG00000037443,Cep85
16765,ENSMUSG00000028832,Stmn1
66146,ENSMUSG00000028826,Maco1
29876,ENSMUSG00000037242,Clic4
51796,ENSMUSG00000028809,Srrm1
73937,ENSMUSG00000086788,1700029M20Rik
14105,ENSMUSG00000028676,Srsf10
74246,ENSMUSG00000028671,Gale
27224,ENSMUSG00000028668,Eloa
74326,ENSMUSG00000066037,Hnrnpr
230848,ENSMUSG00000060862,Zbtb40
170707,ENSMUSG00000043411,Usp48
16559,ENSMUSG00000028758,Kif17
212647,ENSMUSG00000028737,Aldh4a1
230872,ENSMUSG00000040860,Crocc
214063,ENSMUSG00000040697,Dnajc16
545700,ENSMUSG00000052912,Smarca5-ps
433791,ENSMUSG00000070605,Zfp992
170731,ENSMUSG00000029020,Mfn2
11610,ENSMUSG00000029007,Agtrap
71890,ENSMUSG00000029003,Mad2l2
110208,ENSMUSG00000028961,Pgd
67087,ENSMUSG00000028988,Ctnnbip1
22319,ENSMUSG00000028955,Vamp3
100072,ENSMUSG00000014592,Camta1
230936,ENSMUSG00000047777,Phf13
70025,ENSMUSG00000028937,Acot7
57295,ENSMUSG00000039662,Icmt
16498,ENSMUSG00000028931,Kcnab2
242800,ENSMUSG00000046637,Ttc34
18762,ENSMUSG00000029053,Prkcz
320541,ENSMUSG00000042202,Slc35e2
56036,ENSMUSG00000029068,Ccnl2
140500,ENSMUSG00000029033,Acap3
117592,ENSMUSG00000050796,B3galt6
230996,ENSMUSG00000059939,9430015G10Rik
236082,NA,Dhrsx
269623,ENSMUSG00000040302,Rbm48
27214,ENSMUSG00000002297,Dbf4
242819,ENSMUSG00000040570,Rundc3b
105242399,ENSMUSG00000096878,Gm21083
70832,ENSMUSG00000097626,4921504A21Rik
330050,ENSMUSG00000047221,Fam185a
242864,ENSMUSG00000044968,Napepld
84652,ENSMUSG00000028995,Hycc1
213948,ENSMUSG00000038295,Atg9b
12568,ENSMUSG00000028969,Cdk5
66587,ENSMUSG00000028959,Fastk
27407,ENSMUSG00000028953,Abcf2
19744,ENSMUSG00000028945,Rheb
73571,ENSMUSG00000101856,1700096K18Rik
55982,ENSMUSG00000002221,Paxip1
231070,ENSMUSG00000045294,Insig1
381626,ENSMUSG00000048271,Rbm33
28042,ENSMUSG00000075703,Selenoi
100732,ENSMUSG00000029166,Mapre3
231093,ENSMUSG00000029165,Agbl5
330064,ENSMUSG00000006641,Slc5a6
71752,ENSMUSG00000106864,Gtf3c2
14208,ENSMUSG00000029147,Ppm1g
192292,ENSMUSG00000029148,Nrbp1
74254,ENSMUSG00000064037,Gpn1
107976,ENSMUSG00000052139,Babam2
19046,ENSMUSG00000014956,Ppp1cb
320951,ENSMUSG00000023452,Pisd
22629,ENSMUSG00000018965,Ywhah
59003,ENSMUSG00000079562,Maea
74504,ENSMUSG00000037339,Fam53a
20492,ENSMUSG00000004642,Slbp
21335,ENSMUSG00000037313,Tacc3
56384,ENSMUSG00000005299,Letm1
17122,ENSMUSG00000037235,Mxd4
15371,ENSMUSG00000067438,Hmx1
17713,ENSMUSG00000029198,Grpel1
231151,ENSMUSG00000029196,Tada2b
100855,ENSMUSG00000029192,Tbc1d14
71116,ENSMUSG00000029125,Stx18
100972,ENSMUSG00000029128,Rab28
231207,ENSMUSG00000039782,Cpeb2
110391,ENSMUSG00000015806,Qdpr
209707,ENSMUSG00000015882,Lcorl
78163,ENSMUSG00000105234,4930459L07Rik
213081,ENSMUSG00000037890,Wdr19
11787,ENSMUSG00000029207,Apbb2
72313,ENSMUSG00000070733,Fryl
100737,ENSMUSG00000051674,Dcun1d4
100313943,ENSMUSG00000093355,Snora26
68939,ENSMUSG00000049907,Rasl11b
212986,ENSMUSG00000062110,Scfd2
66899,ENSMUSG00000029227,Fip1l1
320827,ENSMUSG00000036377,Cracd
231327,ENSMUSG00000029246,Ppat
231380,ENSMUSG00000035898,Uba6
231430,ENSMUSG00000035505,Cox18
791294,ENSMUSG00000054945,Gm9958
53886,ENSMUSG00000029403,Cdkl2
320696,ENSMUSG00000050050,Ccdc158
27428,ENSMUSG00000029381,Shroom3
140780,ENSMUSG00000034663,Bmp2k
11991,ENSMUSG00000000568,Hnrnpd
100503199,ENSMUSG00000097772,5430416N02Rik
231510,ENSMUSG00000029314,Gpat3
74596,ENSMUSG00000029330,Cds1
72145,ENSMUSG00000043940,Wdfy3
246293,ENSMUSG00000029312,Klhl8
74167,ENSMUSG00000029310,Nudt9
54367,ENSMUSG00000029290,Zfp326
73130,ENSMUSG00000063406,Tmed5
57914,ENSMUSG00000033467,Crlf2
18973,ENSMUSG00000007080,Pole
100504049,ENSMUSG00000086401,Gm15559
735278,ENSMUSG00000076163,Mir701
22022,ENSMUSG00000029344,Tpst2
102466821,ENSMUSG00000104840,Mir7230
23790,ENSMUSG00000004530,Coro1c
17855,ENSMUSG00000041939,Mvk
67593,ENSMUSG00000029564,4930519G04Rik
109154,ENSMUSG00000048578,Mlec
102639268,NA,Gm13830
108014,ENSMUSG00000029538,Srsf9
11837,ENSMUSG00000067274,Rplp0
19079,ENSMUSG00000029513,Prkab1
71954,ENSMUSG00000066900,Suds3
269695,ENSMUSG00000032850,Rnft2
252972,ENSMUSG00000032741,Tpcn1
100764,ENSMUSG00000029600,Rita1
100535,ENSMUSG00000032623,Oas1d
16923,ENSMUSG00000042594,Sh2b3
68080,ENSMUSG00000029464,Gpn3
30841,ENSMUSG00000029475,Kdm2b
208043,ENSMUSG00000038384,Setd1b
208606,ENSMUSG00000029422,Rsrc2
208908,ENSMUSG00000061882,Ccdc62
269702,ENSMUSG00000038126,Mphosph9
76167,ENSMUSG00000029402,Snrnp35
215707,ENSMUSG00000037979,Ccdc92
20778,ENSMUSG00000037936,Scarb1
212919,ENSMUSG00000034110,Kctd7
80909,ENSMUSG00000015944,Castor2
14886,ENSMUSG00000060261,Gtf2i
79565,ENSMUSG00000040557,Mettl27
66138,ENSMUSG00000005378,Bud23
27368,ENSMUSG00000005374,Tbl2
12054,ENSMUSG00000029681,Bcl7b
17448,ENSMUSG00000019179,Mdh2
13047,ENSMUSG00000029705,Cux1
67286,ENSMUSG00000007987,Ift22
83701,ENSMUSG00000037364,Srrt
74097,ENSMUSG00000029715,Pop7
68929,ENSMUSG00000037221,Mospd3
100316903,NA,Gm20605
231803,ENSMUSG00000029726,Mepce
11781,ENSMUSG00000019518,Ap4m1
50878,ENSMUSG00000036928,Stag3
77053,ENSMUSG00000036817,Sun1
73212,ENSMUSG00000053553,3110082I17Rik
27979,ENSMUSG00000056076,Eif3b
231841,ENSMUSG00000000148,Brat1
330222,ENSMUSG00000039683,Sdk1
17425,ENSMUSG00000056493,Foxk1
231858,ENSMUSG00000029576,Radil
18861,ENSMUSG00000075569,Pms2
100579137,ENSMUSG00000104600,Dmrt1i
231887,ENSMUSG00000029623,Pdap1
24109,ENSMUSG00000001687,Ubl3
70138,ENSMUSG00000086494,2210417A02Rik
15289,ENSMUSG00000066551,Hmgb1
15505,ENSMUSG00000029657,Hsph1
100861794,ENSMUSG00000106740,Gm21221
625175,ENSMUSG00000097321,1700028E10Rik
100036521,ENSMUSG00000089862,Umad1
170772,ENSMUSG00000029638,Glcci1
64213,ENSMUSG00000029534,St7
71777,ENSMUSG00000029670,Ing3
73178,ENSMUSG00000029684,Wasl
626904,ENSMUSG00000106799,Gm20756
627049,ENSMUSG00000039841,Zfp800
56463,ENSMUSG00000001424,Snd1
320938,ENSMUSG00000012535,Tnpo3
320609,ENSMUSG00000039629,Strip2
72649,ENSMUSG00000029782,Tmem209
83922,ENSMUSG00000029790,Cep41
100503869,NA,Mkln1os
66075,ENSMUSG00000053768,Chchd3
11677,ENSMUSG00000001642,Akr1b3
70699,ENSMUSG00000038759,Nup205
14489,ENSMUSG00000029840,Mtpn
21848,ENSMUSG00000029833,Trim24
320538,ENSMUSG00000038538,Ubn2
192196,ENSMUSG00000029823,Luc7l2
14056,ENSMUSG00000029687,Ezh2
735289,ENSMUSG00000076060,Mir704
12304,ENSMUSG00000025823,Pdia4
69432,ENSMUSG00000097716,1700026J14Rik
243372,ENSMUSG00000007216,Zfp775
140488,ENSMUSG00000029814,Igf2bp3
13063,ENSMUSG00000063694,Cycs
387166,ENSMUSG00000065505,Mir148a
12417,ENSMUSG00000029836,Cbx3
52440,ENSMUSG00000004535,Tax1bp1
13990,ENSMUSG00000029920,Smarcad1
13197,ENSMUSG00000036390,Gadd45a
13666,ENSMUSG00000031668,Eif2ak3
68477,ENSMUSG00000002222,Rmnd5a
104263,ENSMUSG00000053470,Kdm3a
76614,ENSMUSG00000052337,Immt
66510,ENSMUSG00000055850,Rnf181
53620,ENSMUSG00000073002,Vamp5
232087,ENSMUSG00000053907,Mat2a
19240,ENSMUSG00000079523,Tmsb10
66740,ENSMUSG00000056197,Jkampl
74220,ENSMUSG00000101404,1700009C05Rik
68499,ENSMUSG00000030037,Mrpl53
71837,ENSMUSG00000030030,1700003E16Rik
67934,ENSMUSG00000099354,1700124L16Rik
232164,ENSMUSG00000045896,Paip2b
20751,ENSMUSG00000033735,Spr
232187,ENSMUSG00000033706,Smyd5
12468,ENSMUSG00000030007,Cct7
72102,ENSMUSG00000030002,Dusp11
11519,ENSMUSG00000030000,Add2
66488,ENSMUSG00000057497,Fam136a
17119,ENSMUSG00000001156,Mxd1
12785,ENSMUSG00000030057,Cnbp
434064,ENSMUSG00000084950,Gm5577
14461,ENSMUSG00000015053,Gata2
100038356,ENSMUSG00000085828,Gm15612
232223,ENSMUSG00000000811,Txnrd3
66277,ENSMUSG00000030087,Klf15
54563,ENSMUSG00000030091,Nup210
72170,ENSMUSG00000034203,Chchd4
22026,ENSMUSG00000005893,Nr2c2
22044,ENSMUSG00000005892,Trh
14924,ENSMUSG00000045095,Magi1
72171,ENSMUSG00000035378,Shq1
192193,ENSMUSG00000030104,Edem1
14910,ENSMUSG00000086429,Gt(ROSA)26Sor
18294,ENSMUSG00000030271,Ogg1
101206,ENSMUSG00000048930,Tada3
22346,ENSMUSG00000033933,Vhl
381801,ENSMUSG00000056952,Tatdn2
232334,ENSMUSG00000030315,Vgll4
67492,ENSMUSG00000042213,Zfand4
22685,ENSMUSG00000042097,Zfp239
98758,ENSMUSG00000042079,Hnrnpf
19365,ENSMUSG00000030166,Rad52
232341,ENSMUSG00000045962,Wnk1
330409,ENSMUSG00000071226,Cecr2
17113,ENSMUSG00000007458,M6pr
108653,ENSMUSG00000040649,Rimklb
20527,ENSMUSG00000003153,Slc2a3
14792,ENSMUSG00000004270,Lpcat3
14790,ENSMUSG00000072772,Grcc10
21991,ENSMUSG00000023456,Tpi1
14793,ENSMUSG00000023505,Cdca3
26894,ENSMUSG00000030127,Cops7a
66493,ENSMUSG00000030335,Mrpl51
22144,ENSMUSG00000067702,Tuba3a
243634,ENSMUSG00000038115,Ano2
101187,ENSMUSG00000037997,Parp11
330427,ENSMUSG00000107879,9330102E08Rik
22158,ENSMUSG00000001521,Tulp3
14235,ENSMUSG00000001517,Foxm1
320135,ENSMUSG00000047515,BC049715
232449,ENSMUSG00000030225,Dera
75320,ENSMUSG00000030275,Etnk1
22147,ENSMUSG00000067338,Tuba3b
67529,ENSMUSG00000040242,Fgfr1op2
232533,ENSMUSG00000001630,Stk38l
232791,ENSMUSG00000035632,Cnot3
66078,ENSMUSG00000035585,Tsen34
76846,ENSMUSG00000006333,Rps9
100037396,ENSMUSG00000085886,D030047H15Rik
243819,ENSMUSG00000052296,Ppp6r1
333182,ENSMUSG00000051811,Cox6b2
77891,ENSMUSG00000060860,Ube2s
67441,ENSMUSG00000052605,Isoc2b
664994,ENSMUSG00000086784,Isoc2a
22185,ENSMUSG00000030435,U2af2
67109,ENSMUSG00000046792,Zfp787
384763,ENSMUSG00000054893,Zfp667
330463,ENSMUSG00000055150,Zfp78
18616,ENSMUSG00000002265,Peg3
65020,ENSMUSG00000058638,Zfp110
243833,ENSMUSG00000060397,Zfp128
243834,ENSMUSG00000004500,Zfp324
269870,ENSMUSG00000033961,Zfp446
21849,ENSMUSG00000005566,Trim28
68953,ENSMUSG00000033916,Chmp2a
22192,ENSMUSG00000005575,Ube2m
109889,ENSMUSG00000030380,Mzf1
243842,ENSMUSG00000070808,Bicra
108124,ENSMUSG00000006024,Napa
243846,ENSMUSG00000041375,Ccdc9
330474,ENSMUSG00000059273,Zc3h4
232906,ENSMUSG00000058230,Arhgap35
243853,ENSMUSG00000048920,Fkrp
320950,ENSMUSG00000097842,9330104G04Rik
14709,ENSMUSG00000063594,Gng8
12315,ENSMUSG00000019370,Calm3
232933,ENSMUSG00000074358,Ccdc61
232934,ENSMUSG00000048481,Mypop
272359,ENSMUSG00000044030,Irf2bp1
13401,ENSMUSG00000030410,Dmwd
67369,ENSMUSG00000030407,Qpctl
102637572,NA,Gm38499
14282,ENSMUSG00000003545,Fosb
13870,ENSMUSG00000003549,Ercc1
70333,ENSMUSG00000047649,Cd3eap
333654,ENSMUSG00000040734,Ppp1r13l
19698,ENSMUSG00000002983,Relb
53333,ENSMUSG00000002984,Tomm40
19294,ENSMUSG00000062300,Nectin2
71997,ENSMUSG00000002210,Smg9
232969,ENSMUSG00000064264,Zfp428
56746,ENSMUSG00000062773,Tex101
232972,ENSMUSG00000045587,Lypd10
210155,ENSMUSG00000058717,Lypd11
232973,ENSMUSG00000062732,Lypd4
20085,ENSMUSG00000040952,Rps19
16801,ENSMUSG00000040940,Arhgef1
232974,ENSMUSG00000108367,Erfl
232976,ENSMUSG00000045252,Zfp574
67379,ENSMUSG00000054499,Dedd2
606496,ENSMUSG00000057177,Gsk3a
13875,ENSMUSG00000040857,Erf
71722,ENSMUSG00000005442,Cic
623131,ENSMUSG00000058741,Prr19
16890,ENSMUSG00000003123,Lipe
12039,ENSMUSG00000060376,Bckdha
232989,ENSMUSG00000040725,Hnrnpul1
414069,ENSMUSG00000078786,BC024978
76889,ENSMUSG00000003762,Coq8b
192192,ENSMUSG00000089832,Shkbp1
170742,ENSMUSG00000055200,Sertad3
55942,ENSMUSG00000008384,Sertad1
18807,ENSMUSG00000003363,Pld3
13549,ENSMUSG00000002409,Dyrk1b
66525,ENSMUSG00000003438,Timm50
101497,ENSMUSG00000037552,Plekhg2
54624,ENSMUSG00000003437,Paf1
233033,ENSMUSG00000109336,Samd4b
24030,ENSMUSG00000045948,Mrps12
18036,ENSMUSG00000030595,Nfkbib
15388,ENSMUSG00000015165,Hnrnpl
26411,ENSMUSG00000037337,Map4k1
101809,ENSMUSG00000037239,Spred3
74206,ENSMUSG00000030583,Sipa1l3
66411,ENSMUSG00000006095,Tbcb
68332,ENSMUSG00000074211,Sdhaf1
104795949,ENSMUSG00000106236,Mir9769
101883,ENSMUSG00000036826,Igflr1
58206,ENSMUSG00000006310,Zbtb32
68035,ENSMUSG00000036733,Rbm42
101831,ENSMUSG00000030493,Faap24
56330,ENSMUSG00000030417,Pdcd5
243937,ENSMUSG00000043456,Zfp536
12447,ENSMUSG00000002068,Ccne1
72287,ENSMUSG00000074170,Plekhf1
69930,ENSMUSG00000012640,Zfp715
210105,ENSMUSG00000030469,Zfp719
20256,ENSMUSG00000004473,Clec11a
69349,ENSMUSG00000008028,1700008O03Rik
66124,ENSMUSG00000038695,Josd2
69683,ENSMUSG00000008140,Emc10
71960,ENSMUSG00000030739,Myh14
101568,ENSMUSG00000002205,Vrk3
100328588,ENSMUSG00000074141,Il4i1b
233204,ENSMUSG00000038520,Tbc1d17
59047,ENSMUSG00000002963,Pnkp
11771,ENSMUSG00000060279,Ap2a1
100502630,ENSMUSG00000087138,Gm15545
27207,ENSMUSG00000003429,Rps11
22121,ENSMUSG00000074129,Rpl13a
68845,ENSMUSG00000003423,Pih1d1
384619,ENSMUSG00000038292,Kash5
50722,ENSMUSG00000030792,Dkkl1
76787,ENSMUSG00000003863,Ppfia3
20637,ENSMUSG00000063511,Snrnp70
14936,ENSMUSG00000003865,Gys1
381983,ENSMUSG00000062044,Lmtk3
19158,ENSMUSG00000003269,Cyth2
101612,ENSMUSG00000053801,Grwd1
58867,ENSMUSG00000040231,Syngr4
16833,ENSMUSG00000030851,Ldhc
101685,ENSMUSG00000049516,Spty2d1
50794,ENSMUSG00000052040,Klf13
70638,ENSMUSG00000030518,Entrep2
21872,ENSMUSG00000030516,Tjp1
18553,ENSMUSG00000030513,Pcsk6
109815,ENSMUSG00000075701,Selenos
117589,ENSMUSG00000030509,Asb7
545975,ENSMUSG00000030510,Cers3
67867,ENSMUSG00000030556,Lrrc28
66412,ENSMUSG00000042659,Arrdc4
73796,ENSMUSG00000108885,4930402F11Rik
625243,ENSMUSG00000108383,Gm6567
244059,ENSMUSG00000078671,Chd2
69170,ENSMUSG00000101970,Chaserr
100579147,ENSMUSG00000074067,Gm10619
68048,ENSMUSG00000030609,Aen
77011,ENSMUSG00000046591,Ticrr
233406,ENSMUSG00000038943,Prc1
269955,ENSMUSG00000038930,Rccd1
22691,ENSMUSG00000038797,Zscan2
29877,ENSMUSG00000025104,Hdgfl3
101592,ENSMUSG00000038563,Efl1
67943,ENSMUSG00000038503,Mesd
14366,ENSMUSG00000049791,Fzd4
67669,ENSMUSG00000062797,Hikeshi
13626,ENSMUSG00000030619,Eed
233489,ENSMUSG00000039361,Picalm
66271,ENSMUSG00000030615,Tmem126a
666737,ENSMUSG00000074024,4632427E13Rik
244144,ENSMUSG00000035713,Usp35
66190,ENSMUSG00000030760,Acer3
78610,ENSMUSG00000035354,Uvrag
67800,ENSMUSG00000030747,Dgat2
277939,ENSMUSG00000047248,C2cd3
19346,ENSMUSG00000030704,Rab6a
320100,ENSMUSG00000008318,Relt
207278,ENSMUSG00000030691,Fchsd2
233575,ENSMUSG00000030990,Pgap2
20133,ENSMUSG00000030978,Rrm1
74349,ENSMUSG00000044465,Fhip1b
14356,ENSMUSG00000089847,Timm10b
101867,ENSMUSG00000030888,Rrp8
57373,ENSMUSG00000031023,Akip1
233724,ENSMUSG00000047554,Tmem41b
20841,ENSMUSG00000061079,Zfp143
22390,ENSMUSG00000031016,Wee1
11865,ENSMUSG00000055116,Arntl
67420,ENSMUSG00000030759,Far1
233765,ENSMUSG00000045659,Plekha7
54208,ENSMUSG00000030654,Arl6ip1
12850,ENSMUSG00000030652,Coq7
73951,NA,4930413G21Rik
210162,ENSMUSG00000030757,Zkscan2
18020,ENSMUSG00000030722,Nfatc2ip
70314,ENSMUSG00000030727,Rabep2
233871,ENSMUSG00000032637,Atxn2l
75565,ENSMUSG00000030714,Sgf29
56420,ENSMUSG00000030697,Ppp4c
11674,ENSMUSG00000030695,Aldoa
381922,ENSMUSG00000097075,Cdiptos
244216,ENSMUSG00000054716,Zfp771
66422,ENSMUSG00000042462,Dctpp1
20768,ENSMUSG00000049091,Sephs2
233890,ENSMUSG00000047371,Zfp768
233895,ENSMUSG00000030822,Prr14
14123,ENSMUSG00000042423,Fbrs
269999,ENSMUSG00000043964,Orai3
20909,ENSMUSG00000030805,Stx4a
233908,ENSMUSG00000030795,Fus
100043133,ENSMUSG00000062944,9130023H24Rik
207352,ENSMUSG00000055319,Sec23ip
22276,ENSMUSG00000030979,Uros
69752,ENSMUSG00000025470,Zfp511
101471,ENSMUSG00000038611,Phrf1
21351,ENSMUSG00000025503,Taldo1
54473,ENSMUSG00000025139,Tollip
63830,ENSMUSG00000101609,Kcnq1ot1
12577,ENSMUSG00000037664,Cdkn1c
13360,ENSMUSG00000058454,Dhcr7
94178,ENSMUSG00000004567,Mcoln1
100503890,ENSMUSG00000087687,Pet100
213027,ENSMUSG00000011832,Evi5l
15568,ENSMUSG00000040028,Elavl1
233987,ENSMUSG00000058748,Zfp958
13642,ENSMUSG00000001300,Efnb2
26356,ENSMUSG00000045969,Ing1
102334,ENSMUSG00000031508,Ankrd10
76413,ENSMUSG00000031509,Spaca7b
259279,ENSMUSG00000000759,Tubgcp3
234069,ENSMUSG00000038542,Pcid2
66790,ENSMUSG00000038515,Grtp1
102323,ENSMUSG00000038506,Dcun1d2
19414,ENSMUSG00000031453,Rasa3
67031,ENSMUSG00000038398,Upf3a
626415,ENSMUSG00000096265,Potefam3e
547150,ENSMUSG00000071796,6820431F20Rik
100861668,ENSMUSG00000095294,Potefam3b
80986,ENSMUSG00000037725,Ckap2
64933,ENSMUSG00000031539,Ap3m2
69742,ENSMUSG00000031556,Tm2d2
23808,ENSMUSG00000031575,Ash2l
244373,ENSMUSG00000031483,Erlin2
70952,ENSMUSG00000063932,Poteg
22427,ENSMUSG00000031583,Wrn
67887,ENSMUSG00000031532,Saraf
67276,ENSMUSG00000031527,Eri1
78506,ENSMUSG00000039478,Micu3
11988,ENSMUSG00000031596,Slc7a2
18536,ENSMUSG00000031592,Pcm1
192169,ENSMUSG00000031634,Ufsp2
66756,ENSMUSG00000031631,Cfap97
71876,ENSMUSG00000031629,Cenpu
192174,ENSMUSG00000031568,Rwdd4a
69260,ENSMUSG00000063049,Ing2
382010,ENSMUSG00000038215,Cep44
97165,ENSMUSG00000054717,Hmgb2
77113,ENSMUSG00000031605,Klhl2
234362,ENSMUSG00000060427,Zfp868
66869,ENSMUSG00000054648,Zfp869
80720,ENSMUSG00000031860,Pbx4
234365,ENSMUSG00000048967,Yjefn3
234366,ENSMUSG00000036180,Gatad2a
73095,ENSMUSG00000002346,Slc25a42
234373,ENSMUSG00000036054,Sugp2
19704,ENSMUSG00000058301,Upf1
12845,ENSMUSG00000031849,Comp
13716,ENSMUSG00000070002,Ell
71780,ENSMUSG00000019139,Isyna1
50783,ENSMUSG00000031848,Lsm4
234384,ENSMUSG00000035559,Mpv17l2
546071,ENSMUSG00000031833,Mast3
70807,ENSMUSG00000002910,Arrdc2
76808,ENSMUSG00000045128,Rpl18a
17925,ENSMUSG00000004677,Myo9b
13864,ENSMUSG00000002393,Nr2f6
66498,ENSMUSG00000074247,Dda1
26457,ENSMUSG00000031808,Slc27a1
234407,ENSMUSG00000034807,Colgalt1
17274,ENSMUSG00000003037,Rab8a
11767,ENSMUSG00000003033,Ap1m1
270066,ENSMUSG00000019731,Slc35e1
70625,ENSMUSG00000045248,Med26
66818,ENSMUSG00000044600,Smim7
16795,ENSMUSG00000004383,Large1
21968,ENSMUSG00000042870,Tom1
76775,ENSMUSG00000031684,Slc10a7
73945,ENSMUSG00000036990,Otud4
24015,ENSMUSG00000058355,Abce1
93762,ENSMUSG00000031715,Smarca5
74841,ENSMUSG00000038250,Usp38
244548,ENSMUSG00000035151,Elmod2
56367,ENSMUSG00000063253,Scoc
106529,ENSMUSG00000031708,Tecr
67903,ENSMUSG00000019433,Gipc1
68278,ENSMUSG00000005481,Ddx39a
66929,ENSMUSG00000005470,Asf1b
18747,ENSMUSG00000005469,Prkaca
19724,ENSMUSG00000031706,Rfx1
212139,ENSMUSG00000036686,Cc2d1a
212168,ENSMUSG00000035671,Zswim4
12317,ENSMUSG00000003814,Calr
170833,ENSMUSG00000052566,Hook2
56452,ENSMUSG00000031697,Orc6
56445,ENSMUSG00000031701,Dnaja2
100040294,ENSMUSG00000097248,Gm2694
74256,ENSMUSG00000036712,Cyld
14339,ENSMUSG00000031667,Aktip
244585,ENSMUSG00000033282,Rpgrip1l
71296,ENSMUSG00000031736,Crnde
14681,ENSMUSG00000031748,Gnao1
67378,ENSMUSG00000031755,Bbs2
17750,ENSMUSG00000031762,Mt2
71805,ENSMUSG00000032939,Nup93
102122,ENSMUSG00000031774,Psme3ip1
234582,ENSMUSG00000063605,Ccdc102a
74187,ENSMUSG00000031787,Katnb1
14894,ENSMUSG00000031796,Cfap20
234594,ENSMUSG00000036550,Cnot1
75502,ENSMUSG00000035785,Cmtm2b
102124,ENSMUSG00000013155,Enkd1
72236,ENSMUSG00000031893,Tsnaxip1
59016,ENSMUSG00000036442,Thap11
68051,ENSMUSG00000008450,Nutf2
71854,ENSMUSG00000031898,Dpep3
58994,ENSMUSG00000031906,Smpd3
21750,ENSMUSG00000031921,Terf2
102638837,ENSMUSG00000095941,Tle7
234728,ENSMUSG00000046441,Cmtr2
13680,ENSMUSG00000015023,Ddx19a
234733,ENSMUSG00000033658,Ddx19b
22640,ENSMUSG00000055835,Zfp1
23837,ENSMUSG00000031954,Cfdp1
66817,ENSMUSG00000031953,Tmem170
791378,ENSMUSG00000110541,Gm10280
270096,ENSMUSG00000078908,Mon1b
80707,ENSMUSG00000004637,Wwox
75796,ENSMUSG00000031758,Cdyl2
69528,ENSMUSG00000031847,1700030J22Rik
68133,ENSMUSG00000034424,Gcsh
72042,ENSMUSG00000031827,Cotl1
22224,ENSMUSG00000031826,Usp10
234797,ENSMUSG00000031824,6430548M08Rik
272551,ENSMUSG00000031821,Gins2
105734727,ENSMUSG00000097919,Gm27021
67177,ENSMUSG00000006585,Cdt1
102162,ENSMUSG00000038697,Taf5l
102058,ENSMUSG00000074030,Exoc8
53424,ENSMUSG00000056820,Tsnax
93742,ENSMUSG00000025812,Pard3
16412,ENSMUSG00000025809,Itgb1
67618,ENSMUSG00000025894,Aasdhppt
11797,ENSMUSG00000057367,Birc2
72826,ENSMUSG00000037808,Fam76b
17535,ENSMUSG00000031928,Mre11a
70984,ENSMUSG00000031938,4931406C07Rik
319675,ENSMUSG00000046111,Cep295
66917,ENSMUSG00000001774,Chordc1
23988,ENSMUSG00000032171,Pin1
100568458,NA,Gm38431
18577,ENSMUSG00000032177,Pde4a
12581,ENSMUSG00000096472,Cdkn2d
16201,ENSMUSG00000032178,Ilf3
19089,ENSMUSG00000003402,Prkcsh
319845,ENSMUSG00000035919,Bbs9
235072,ENSMUSG00000001833,Septin7
66948,ENSMUSG00000031969,Acad8
69091,ENSMUSG00000031988,Vps26b
235132,ENSMUSG00000047412,Zbtb44
382066,ENSMUSG00000042496,Prdm10
235169,ENSMUSG00000039048,Foxred1
330921,ENSMUSG00000074452,Pate2
16430,ENSMUSG00000032116,Stt3a
66279,ENSMUSG00000032121,Tmem218
15481,ENSMUSG00000015656,Hspa8
12402,ENSMUSG00000034342,Cbl
102423,ENSMUSG00000032119,Hinfp
15270,ENSMUSG00000049932,H2ax
12282,ENSMUSG00000032115,Hyou1
27425,ENSMUSG00000038717,Atp5l
54725,ENSMUSG00000032076,Cadm1
434402,ENSMUSG00000042293,Gm5617
235323,ENSMUSG00000032267,Usp28
102580,ENSMUSG00000032059,Alg9
723849,ENSMUSG00000065492,Mir34b
11920,ENSMUSG00000034218,Atm
235386,ENSMUSG00000035878,Hykk
110842,ENSMUSG00000032314,Etfa
244895,ENSMUSG00000074305,Peak1
20466,ENSMUSG00000042557,Sin3a
24044,ENSMUSG00000040188,Scamp2
12988,ENSMUSG00000032312,Csk
56380,ENSMUSG00000004661,Arid3b
20320,ENSMUSG00000032336,Nptn
270163,ENSMUSG00000039585,Myo9a
56040,ENSMUSG00000007892,Rplp1
100628602,ENSMUSG00000092696,Mir5133
319480,ENSMUSG00000032243,Itga11
56469,ENSMUSG00000032405,Pias1
69882,ENSMUSG00000034263,Ints14
270166,ENSMUSG00000015357,Clpx
68318,ENSMUSG00000053040,Aph1c
102465716,ENSMUSG00000098446,Mir7242
19378,ENSMUSG00000013584,Aldh1a2
17427,ENSMUSG00000032221,Mns1
50772,ENSMUSG00000042688,Mapk6
68801,ENSMUSG00000032349,Elovl5
13627,ENSMUSG00000037742,Eef1a1
215351,ENSMUSG00000034252,Senp6
109785,ENSMUSG00000056131,Pgm3
21761,ENSMUSG00000062270,Morf4l1
67958,ENSMUSG00000032407,U2surp
75552,ENSMUSG00000064225,Paqr9
235533,ENSMUSG00000041440,Gk5
192287,ENSMUSG00000032449,Slc25a36
64655,ENSMUSG00000032459,Mrps22
23873,ENSMUSG00000032463,Faim
77853,ENSMUSG00000066415,Msl2
28135,ENSMUSG00000032534,Cep63
321022,ENSMUSG00000032803,Cdv3
319215,ENSMUSG00000099616,4932413F04Rik
75686,ENSMUSG00000032565,Nudt16
235587,ENSMUSG00000023249,Parp3
74840,ENSMUSG00000032575,Manf
56289,ENSMUSG00000010067,Rassf1
15983,ENSMUSG00000010048,Ifrd2
19654,ENSMUSG00000032582,Rbm6
102791,ENSMUSG00000039461,Tcta
112418,ENSMUSG00000032611,1700102P08Rik
69232,ENSMUSG00000006673,Qrich1
387186,ENSMUSG00000105497,Mir191
107934,ENSMUSG00000023473,Celsr3
17758,ENSMUSG00000032479,Map4
20588,ENSMUSG00000032481,Smarcc1
72654,ENSMUSG00000019659,Ccdc12
71268,ENSMUSG00000032497,Lrrfip2
17350,ENSMUSG00000032498,Mlh1
320429,ENSMUSG00000062296,Trank1
75116,ENSMUSG00000074039,4930520O04Rik
68292,ENSMUSG00000032437,Stt3b
100316675,ENSMUSG00000080409,Mir467h
27215,ENSMUSG00000039285,Azi2
108737,ENSMUSG00000036737,Oxsr1
22437,ENSMUSG00000079243,Xirp1
208638,ENSMUSG00000032519,Slc25a38
22354,ENSMUSG00000032528,Vipr1
56295,ENSMUSG00000038412,Higd1a
102566,ENSMUSG00000037949,Ano10
102680,ENSMUSG00000036814,Slc6a20a
17281,ENSMUSG00000025241,Fyco1
19054,ENSMUSG00000093803,Ppp2r3d
11643,ENSMUSG00000050089,Akap4
54644,ENSMUSG00000031154,Otud5
21855,ENSMUSG00000031158,Timm17b
209815,ENSMUSG00000039201,Tbc1d25
70495,ENSMUSG00000031007,Atp6ap2
17161,ENSMUSG00000025037,Maoa
209005,ENSMUSG00000079606,Fsip2l
76130,ENSMUSG00000057421,Las1l
77929,ENSMUSG00000047694,Yipf6
18655,ENSMUSG00000062070,Pgk1
100302634,ENSMUSG00000095005,Astx6
100113394,ENSMUSG00000095521,Astx5
74469,ENSMUSG00000009596,Taf7l
331532,ENSMUSG00000054034,Tceal5
436230,ENSMUSG00000087368,BC065397
22037,ENSMUSG00000051257,Trap1a
245688,ENSMUSG00000031353,Rbbp7
20438,ENSMUSG00000040749,Siah1b
18700,ENSMUSG00000031381,Piga
17318,ENSMUSG00000035299,Mid1
100041505,ENSMUSG00000096520,Gm3376
20611,ENSMUSG00000095267,Ssty1
434960,ENSMUSG00000094729,Gm20747
100041346,ENSMUSG00000101005,Gm20871
380994,ENSMUSG00000093993,Gm20736
100040031,ENSMUSG00000093950,Gm20823
434935,ENSMUSG00000096122,Gm21943
654820,ENSMUSG00000072844,G530011O06Rik
