"X.1","X","Row.names","baseMean","log2FoldChange","lfcSE","stat","pvalue","padj","WT_rep1","WT_rep2","KO_rep1","KO_rep3","chrom","type","symbol"
127,127,"ENSMUSG00000000811",2947.54574170762,-0.992224470312778,0.119945706529936,-8.27228000916514,1.31421206094987e-16,1.47732038006999e-14,3510.72804816608,4335.437996285,2031.4647847227,1912.55213765672,"chr6","protein_coding","Txnrd3"
176,176,"ENSMUSG00000001120",1560.6236815608,-1.07602117673814,0.16643989718116,-6.46492334447279,1.01350172920207e-10,4.85952464186604e-09,1740.33605259821,2493.9676488236,1093.40309823999,914.787926581386,"chr10","protein_coding","Pcbp3"
365,365,"ENSMUSG00000002210",1364.72217205103,-1.0965414983649,0.178151741103719,-6.15509840976798,7.5030890267187e-10,3.13672527616996e-08,1477.58893825051,2242.09179085095,935.055078513213,804.15288058946,"chr7","protein_coding","Smg9"
492,492,"ENSMUSG00000003033",2966.06094136121,-0.642424070509298,0.11247520943253,-5.71169481479977,1.11856549976979e-08,3.73482744593102e-07,3364.3265195074,3867.38522083977,2442.36787388714,2190.16415121053,"chr8","protein_coding","Ap1m1"
507,507,"ENSMUSG00000003153",9491.57349960106,-3.56732142408589,0.417924269804556,-8.53580823567428,1.39179036231339e-17,1.78237254373729e-15,12666.1560953443,22346.5451158011,1607.53306102379,1346.0597262351,"chr6","protein_coding","Slc2a3"
646,646,"ENSMUSG00000004127",1056.12557640337,-0.771926815076074,0.163107895651244,-4.73261464133288,2.21646044394534e-06,4.57631230844796e-05,1143.09537939459,1521.17152019698,736.618952526486,823.616453495447,"chr3","protein_coding","Trmt10a"
793,793,"ENSMUSG00000005360",119.253029765968,-1.05282688428139,0.350079196663578,-3.00739631007879,0.00263495998922627,0.0230804244251101,149.310168300905,172.544879083621,71.156388611402,84.0006830679436,"chr15","protein_coding","Slc1a3"
930,930,"ENSMUSG00000006310",1209.48937678049,-0.629459860181752,0.132907744528181,-4.73606607663322,2.17906568010353e-06,4.51291862550818e-05,1377.72564386744,1560.83700964149,964.118955551673,935.275898061372,"chr7","protein_coding","Zbtb32"
1088,1088,"ENSMUSG00000007987",1026.97480918744,-0.982048927560919,0.175337027476295,-5.6009215035523,2.13215278974908e-08,6.81547860154547e-07,1116.91762261456,1610.41887144713,708.557278144525,672.005464543549,"chr5","protein_coding","Ift22"
1349,1349,"ENSMUSG00000013155",539.079447006605,-1.07911200849331,0.189067185583771,-5.70755842776951,1.14608284524551e-08,3.81411846886475e-07,652.504826405901,811.159259140239,362.797361652501,329.856340827779,"chr8","protein_coding","Enkd1"
1588,1588,"ENSMUSG00000015882",1205.84436343801,-1.04040960153307,0.135585143601254,-7.67347788923575,1.67394398708167e-14,1.39385113722677e-12,1525.09671907353,1720.49060465564,822.808380985367,754.981749037493,"chr5","protein_coding","Lcorl"
1656,1656,"ENSMUSG00000016637",463.724265520878,-0.99268211434807,0.196750430548958,-5.0453872531733,4.52603724855578e-07,1.0928381585594e-05,608.87523177252,625.723095987153,345.759916492024,274.538817831816,"chr15","protein_coding","Ift27"
1768,1768,"ENSMUSG00000017843",3164.05808554404,-0.814039626134719,0.144987281853984,-5.6145588476825,1.97064355950343e-08,6.35621579367091e-07,3317.78828523179,4749.94236098013,2395.2643490317,2193.23734693253,"chr12","protein_coding","Ppp2r5c"
1847,1847,"ENSMUSG00000018509",2085.80442138395,-0.790234188340291,0.158839875126085,-4.97503657512331,6.52353214516669e-07,1.51895453884123e-05,2127.18512501419,3159.35623425526,1578.46918398533,1478.20714228101,"chr11","protein_coding","Cenpv"
1853,1853,"ENSMUSG00000018554",9059.23643533091,-1.522341531044,0.367105267003632,-4.14688011280682,3.37036425519305e-05,0.000530707784743783,10517.6409462871,16362.0143958606,5299.6476475647,4057.64275161128,"chr11","protein_coding","Ybx2"
2087,2087,"ENSMUSG00000019883",103.158651818475,-1.3471353923961,0.375141086518532,-3.59100999812653,0.00032939899813296,0.00393218839423145,142.523342469045,153.703771597478,63.1387673594131,53.2687258479643,"chr10","protein_coding","Echdc1"
2096,2096,"ENSMUSG00000019906",146.021474586615,-8.16166970533188,1.34753147480107,-6.05675626726028,1.38893792272449e-09,5.52136933760456e-08,176.457471628342,405.57962957012,0,2.04879714799863,"chr10","protein_coding","Lin7a"
2130,2130,"ENSMUSG00000019986",1225.39515306972,-1.56251081521938,0.181372564535373,-8.61492375774749,6.99881538206031e-18,9.56851557031138e-16,1447.53299528085,2214.3259482398,592.301769990685,647.419898767566,"chr10","protein_coding","Ahi1"
2160,2160,"ENSMUSG00000020038",1847.95753205402,-0.608520968874255,0.116784101948716,-5.21064904143782,1.88181135768637e-07,4.95143966338441e-06,2140.75877667791,2323.4060442122,1529.36125381689,1398.30405350906,"chr10","protein_coding","Cry1"
2200,2200,"ENSMUSG00000020102",206.259745889728,-3.04460358750632,0.350944941452393,-8.67544514220997,4.11935938623721e-18,5.82874949798068e-16,257.899381610653,477.969147806351,44.0969168859393,45.0735372559698,"chr10","protein_coding","Slc16a7"
2217,2217,"ENSMUSG00000020131",343.894731773992,-1.49321240024417,0.309090857694026,-4.83098209822278,1.35861221106012e-06,2.94642652503648e-05,319.950360644796,695.137702515046,189.416302078239,171.074561857885,"chr10","protein_coding","Pcsk4"
2273,2273,"ENSMUSG00000020227",350.372393364481,-1.82578021952397,0.264372171032652,-6.9060983703102,4.98164605611743e-12,2.87996075141372e-10,420.783201575277,672.330046084453,137.301763940311,171.074561857885,"chr10","protein_coding","Irak3"
2392,2392,"ENSMUSG00000020434",278.226730483416,-1.98511207685565,0.306576348612215,-6.4750985711771,9.47500658951618e-11,4.56469722219691e-09,344.189024330007,544.408842625906,140.308371909807,84.0006830679436,"chr11","protein_coding","4921536K21Rik"
2404,2404,"ENSMUSG00000020455",1555.66329402411,-0.890075478514367,0.126178258680893,-7.05411128525226,1.7370731999043e-12,1.08164600912261e-10,1876.07256923539,2165.73572367027,1068.34803182753,1112.49685136325,"chr11","protein_coding","Trim11"
2410,2410,"ENSMUSG00000020461",148.94363137685,-2.47240566850055,0.417672269032581,-5.91948724349637,3.22946885801925e-09,1.21009394209558e-07,167.731552701666,337.156660278339,59.1299567334186,31.7563557939787,"chr11","protein_coding","Clhc1"
2411,2411,"ENSMUSG00000020462",2578.64510393858,-1.13165034521491,0.137733247411854,-8.21624674128985,2.09971218057689e-16,2.2719559498285e-14,3037.58933303074,4044.88828610396,1705.74892136065,1526.35387525898,"chr11","protein_coding","Cfap36"
2423,2423,"ENSMUSG00000020481",1148.19264599351,-1.65896189441849,0.441098386354334,-3.76097928657088,0.000169249446337166,0.00219103857785426,1277.86234948437,2210.35939929535,636.398686876624,468.150148317686,"chr11","protein_coding","Ankrd36"
2561,2561,"ENSMUSG00000020712",3101.28300270473,-1.00551077471594,0.140066229435788,-7.1788237519231,7.03137186565573e-13,4.72667037640127e-11,3754.0842315656,4526.82398285476,2359.18505339775,1765.03874300082,"chr11","protein_coding","Tcam1"
2614,2614,"ENSMUSG00000020805",142.744225133968,-10.5809265919495,1.9658036264139,-5.38249418699653,7.34607500289126e-08,2.08471923714589e-06,139.61470282682,431.362197709051,0,0,"chr11","protein_coding","Slc13a5"
2871,2871,"ENSMUSG00000021258",2451.16151602223,-0.832859483958175,0.136991684837461,-6.07963530740098,1.20456198485249e-09,4.84554815139268e-08,2678.85711048961,3600.63480432544,1794.94495778903,1730.20919148484,"chr12","protein_coding","Ccnk"
2880,2880,"ENSMUSG00000021270",38436.2424481816,-0.680920167814082,0.0840887062617691,-8.0976411468904,5.60350723480254e-16,5.69755604969822e-14,44876.4314933485,49807.9550954718,30578.2052524294,28482.3779514769,"chr12","protein_coding","Hsp90aa1"
3046,3046,"ENSMUSG00000021615",476.68771262942,-1.05101830658478,0.189947634161403,-5.53320030136152,3.14440037878473e-08,9.66927010096203e-07,609.844778319929,676.296595028904,331.729079301043,288.880397867806,"chr13","protein_coding","Xrcc4"
3244,3244,"ENSMUSG00000021987",2755.65603817215,-0.838811166762228,0.139202825182335,-6.02581999081921,1.6825436795605e-09,6.61059976936448e-08,3016.25930898775,4053.81302122897,2108.6343892731,1843.91743319876,"chr14","protein_coding","Mtmr6"
3291,3291,"ENSMUSG00000022064",537.765339612746,-0.729628533359465,0.174661047678156,-4.1773969815178,2.94864139715567e-05,0.000469416286625081,688.378048660015,653.48893859831,419.922913072922,389.271458119739,"chr14","protein_coding","Pibf1"
3339,3339,"ENSMUSG00000022155",1443.21028880408,-6.58078532396075,0.583968295740637,-11.2690797975847,1.86508893808849e-29,7.54764191465649e-27,1899.3416863732,3813.83681008968,35.0770929774517,24.5855657759835,"chr15","protein_coding","Mroh2b"
3403,3403,"ENSMUSG00000022269",510.763392940512,-5.12791250323777,0.75798130527152,-6.7652229251233,1.33104092645782e-11,7.2593752307136e-10,522.585589053166,1463.65656050244,25.0550664124655,31.7563557939787,"chr15","protein_coding","Marchf11"
3407,3407,"ENSMUSG00000022283",27800.3777387135,-0.775035359888372,0.0907348287481724,-8.54176252472381,1.32189876871335e-17,1.70364966153796e-15,32314.9864251244,37871.6176843825,20812.7425675068,20202.1642778404,"chr15","protein_coding","Pabpc1"
3501,3501,"ENSMUSG00000022441",251.733548968455,-3.55666481796168,0.986358422589877,-3.60585435933417,0.000311127604755706,0.00374277999680557,178.396564723159,749.677750501248,47.1035248554352,31.7563557939787,"chr15","protein_coding","Efcab6"
3576,3576,"ENSMUSG00000022558",1587.09766334096,-0.621112060832313,0.123587768220601,-5.02567583972908,5.01662659925412e-07,1.20125943916341e-05,1802.38703163235,2044.75598086452,1217.67622764582,1283.57141322114,"chr15","protein_coding","Mroh1"
3618,3618,"ENSMUSG00000022656",1445.88041795751,-1.28994144312235,0.176433229856272,-7.31121594369252,2.64735679393196e-13,1.9122525429704e-11,1628.83819964623,2476.11817857357,897.973580222764,780.591713387476,"chr16","protein_coding","Nectin3"
3687,3687,"ENSMUSG00000022773",1226.91817454952,-2.60584342370336,0.179540490326325,-14.5139596030237,9.88460481469119e-48,2.00005093820462e-44,1708.34101653373,2506.85893289306,324.713660705553,367.759088065753,"chr16","protein_coding","Ypel1"
3738,3738,"ENSMUSG00000022855",5396.93943876995,-0.751471451796521,0.0996724851470504,-7.53940719635763,4.72112640420692e-14,3.73153404932511e-12,6370.89036302107,7172.51212880361,4220.27538651569,3824.07987673943,"chr16","protein_coding","Senp2"
3796,3796,"ENSMUSG00000022972",449.361820326757,-0.679616087451654,0.228780872344349,-2.97059837427638,0.00297220196255469,0.0256021858281531,435.326399786404,671.33840884834,354.779740400512,336.002732271775,"chr16","protein_coding","Cfap298"
3830,3830,"ENSMUSG00000023032",465.92126942669,-0.841009715573218,0.226144345601157,-3.71890667147822,0.000200086957034642,0.00252876919964957,471.199622040517,724.886819598429,337.742295240035,329.856340827779,"chr15","protein_coding","Slc4a8"
3919,3919,"ENSMUSG00000023456",1336.23567245091,-0.980646052023339,0.130318459552411,-7.52499726739747,5.27214268339959e-14,4.11878513729372e-12,1681.19371320629,1866.26127836422,940.066091795706,857.421606437425,"chr6","protein_coding","Tpi1"
3925,3925,"ENSMUSG00000023505",1389.92506573785,-0.718052559312451,0.147971712223012,-4.85263398338094,1.21832420132308e-06,2.66791903566789e-05,1521.21853288389,1936.66752212822,1121.46477262196,980.349435317342,"chr6","protein_coding","Cdca3"
4029,4029,"ENSMUSG00000024033",8510.35029724216,-1.39917633017119,0.308624447095565,-4.53358877865544,5.79898759760046e-06,0.000108344150553876,10089.1013723326,14593.9252038715,5204.43839519734,4153.93621756721,"chr17","protein_coding","Rsph1"
4105,4105,"ENSMUSG00000024158",1357.6590697155,-0.922543860773199,0.163088126249531,-5.65671997090501,1.54293193654691e-08,5.09293389952531e-07,1512.49261395722,2042.77270639229,1031.26653353708,844.104424975434,"chr17","protein_coding","Hagh"
4111,4111,"ENSMUSG00000024169",3964.01000267334,-2.0116887305157,0.280285110762164,-7.17729430951727,7.11045165107325e-13,4.74827982534047e-11,5113.38849103228,7591.97467967931,1589.49341320681,1561.18342677495,"chr17","protein_coding","Ift140"
4132,4132,"ENSMUSG00000024206",1729.1077423996,-1.37956712418533,0.150910444102304,-9.1416278866034,6.15191973497867e-20,1.07308572342723e-17,2110.70283370824,2885.66435708814,1002.20265649862,917.861122303384,"chr17","protein_coding","Rfx2"
4297,4297,"ENSMUSG00000024524",13.5738616002447,-3.62696793031072,1.22542897563212,-2.95975368824603,0.0030788509398277,0.0263637198123037,15.5127447585355,34.7073032639467,1.00220265649862,3.07319572199794,"chr18","protein_coding","Gnal"
4387,4387,"ENSMUSG00000024696",165.314483502826,-1.70533476152295,0.38376060070194,-4.4437463314465,8.84058313383678e-06,0.000158863551625269,159.005633774989,347.073032639467,70.1541859549034,85.0250816419429,"chr19","protein_coding","Lpxn"
4495,4495,"ENSMUSG00000024905",7594.53030277061,-0.859102441759137,0.099624393775,-8.62341449925813,6.49867012668559e-18,8.94517628186097e-16,9581.05898149051,10001.6531634333,5860.88113520393,4934.52793095469,"chr19","protein_coding","Tesmin"
4911,4911,"ENSMUSG00000025757",8134.24443521292,-0.918306477302762,0.0924640874980051,-9.93149342789517,3.03672795882826e-23,7.31489922844417e-21,10062.9236155525,11215.4171404353,5851.86131129544,5406.77567356837,"chr3","protein_coding","Hspa4l"
4914,4914,"ENSMUSG00000025762",3222.26003231652,-0.658208489010654,0.135488083859794,-4.85805445216704,1.18544811912976e-06,2.60438189386228e-05,3334.27057653773,4555.58146270203,2584.68065110994,2414.50743891638,"chr3","protein_coding","Larp1b"
4982,4982,"ENSMUSG00000025912",1622.18017104876,-0.612169385715542,0.125578645911541,-4.87478887251866,1.08924886065783e-06,2.40347453070343e-05,1837.29070733905,2085.41310754514,1345.95816767765,1220.05870163318,"chr1","protein_coding","Mybl1"
5022,5022,"ENSMUSG00000025983",163.334861773491,-0.960324451167388,0.29746824387692,-3.22832595053316,0.00124517005458728,0.0121689733774721,208.452507692821,223.118378125371,116.25550815384,105.513053121929,"chr1","protein_coding","Ccdc150"
5178,5178,"ENSMUSG00000026274",1883.89933077553,-0.630468452629217,0.12072622417599,-5.22229910636603,1.76715225572383e-07,4.67405996631581e-06,2133.00240429864,2445.37742425407,1536.37667241238,1420.84082213705,"chr1","protein_coding","Pask"
5364,5364,"ENSMUSG00000026622",3103.10283552801,-0.880442472855071,0.121600456502166,-7.24045368069314,4.47186298977204e-13,3.09875601832354e-11,3556.29673589427,4487.15849341025,2224.88989742694,2144.06621538056,"chr1","protein_coding","Nek2"
5458,5458,"ENSMUSG00000026790",4139.7318333327,-1.44266427071804,0.369397935014125,-3.9054475782678,9.40511459041252e-05,0.00131515610658194,4500.63507307012,7604.86596374877,2249.9449638394,2203.48133267252,"chr2","protein_coding","Odf2"
5596,5596,"ENSMUSG00000027030",2373.52005398449,-1.21054598445965,0.144780391438854,-8.36125646870423,6.205378123594e-17,7.42301787749156e-15,2765.14675320896,3864.41030913143,1420.12116425854,1444.40198933903,"chr2","protein_coding","Stk39"
5731,5731,"ENSMUSG00000027327",2038.53796681812,-0.633784750097924,0.139635197972992,-4.53886096985738,5.65589100312377e-06,0.000106062371230034,2196.02292988019,2762.70133981015,1742.8304196511,1452.59717793103,"chr2","protein_coding","1700037H04Rik"
5835,5835,"ENSMUSG00000027496",1096.63093995765,-0.736980589882162,0.158276282442256,-4.6562920136252,3.21955204936479e-06,6.34317586824218e-05,1181.87724129093,1559.84537240537,849.86785271083,794.933293423467,"chr2","protein_coding","Aurka"
5854,5854,"ENSMUSG00000027525",33.1397524871199,-2.0109596310323,0.687221775061006,-2.92621640350931,0.00343112174863919,0.0287000072186711,38.7818618963389,67.4313320556678,13.0286345344821,13.3171814619911,"chr2","protein_coding","Phactr3"
5976,5976,"ENSMUSG00000027778",2907.0161658937,-1.03785529301421,0.113915163291977,-9.11077386909479,8.17964104022449e-20,1.4026004814229e-17,3625.13454076027,4194.62550875698,2007.41192096674,1800.89269309079,"chr3","protein_coding","Ift80"
6077,6077,"ENSMUSG00000027968",3444.33129331377,-0.839888340787325,0.108958953685809,-7.70830034959037,1.27504391506419e-14,1.08400162089953e-12,4057.55230090445,4781.67475253574,2521.54188375053,2416.55623606438,"chr3","protein_coding","Larp7"
6183,6183,"ENSMUSG00000028145",299.957171393614,-0.912677864650615,0.279169702986938,-3.26925828585818,0.00107829822555071,0.0107851143330663,378.123153489304,405.57962957012,267.588109285132,148.5377932299,"chr3","protein_coding","Them4"
6322,6322,"ENSMUSG00000028414",1060.24804254921,-0.816126696063546,0.137352773585713,-5.94182901995974,2.81859326896239e-09,1.06600777951748e-07,1278.83189603177,1425.97434553015,758.667410969456,777.518517665478,"chr4","protein_coding","Fktn"
6418,6418,"ENSMUSG00000028576",1597.36233033716,-0.60348746914315,0.144829831926463,-4.16687267475094,3.08806862882285e-05,0.000488920036272312,1695.73691141742,2157.80262578137,1363.99781549462,1171.91196865521,"chr4","protein_coding","Ift74"
6456,6456,"ENSMUSG00000028637",494.724217948919,-3.65323776356489,0.789769529185315,-4.62570107931789,3.73333408256388e-06,7.25651122253578e-05,449.869597997531,1383.3339443773,82.1806178328869,63.5127115879574,"chr4","protein_coding","Ccdc30"
6457,6457,"ENSMUSG00000028639",12304.8512279305,-0.706456420396039,0.102312800639965,-6.9048683642434,5.02500016749178e-12,2.88851856218832e-10,13703.5709010713,16814.200975528,9565.02215362283,9136.61088149987,"chr4","protein_coding","Ybx1"
6632,6632,"ENSMUSG00000028937",2898.14780801343,-1.1911086493546,0.142197075838449,-8.37646373760761,5.45416891248913e-17,6.56902701043482e-15,3437.04251056303,4624.99606922992,1921.22249250786,1609.33015975292,"chr4","protein_coding","Acot7"
6679,6679,"ENSMUSG00000029003",1118.1802328077,-1.34289046306126,0.189182258189903,-7.09839535646762,1.26213697303898e-12,8.05617650235671e-11,1252.65413925175,1955.50862961437,673.480185167073,591.077977197603,"chr4","protein_coding","Mad2l2"
6777,6777,"ENSMUSG00000029165",2777.41066382854,-1.79345998439629,0.15072771528543,-11.8986742484622,1.20242164723674e-32,6.40257884478636e-30,3518.48442054534,5103.95685427239,1296.85023750921,1190.3511429872,"chr5","protein_coding","Agbl5"
6866,6866,"ENSMUSG00000029330",892.61296670863,-1.31538606986611,0.184155184843439,-7.14281311701539,9.14399103061423e-13,5.98768655383328e-11,1059.71437631746,1487.45585416914,559.22908232623,464.052554021689,"chr5","protein_coding","Cds1"
6894,6894,"ENSMUSG00000029381",594.246785793803,-0.623784560941353,0.193796553550285,-3.21875982577522,0.00128746271444907,0.0124882648917365,618.570697246605,823.058905973592,505.110138875305,430.247401079711,"chr5","protein_coding","Shroom3"
6906,6906,"ENSMUSG00000029403",1775.49085954554,-1.08918876312777,0.15199633882422,-7.16588814936778,7.72838550228527e-13,5.1103317729817e-11,2125.24603191937,2706.17801735173,1273.79957640975,996.739812501331,"chr5","protein_coding","Cdkl2"
7006,7006,"ENSMUSG00000029564",45.517507868651,-5.12738546123217,0.852945725592924,-6.01138537586067,1.83944550084599e-09,7.13014181304939e-08,64.9596186763676,112.055007680742,3.00660796949586,2.04879714799863,"chr5","protein_coding","4930519G04Rik"
7137,7137,"ENSMUSG00000029814",383.237490320022,-0.757557734376224,0.217749740514646,-3.47902933241507,0.000503233501379687,0.0056600481750509,419.813655027868,543.417205389793,270.594717254627,299.124383607799,"chr6","protein_coding","Igf2bp3"
7202,7202,"ENSMUSG00000030030",819.160505578379,-2.43475370263475,0.42171857517658,-5.77340872788275,7.7683694319094e-09,2.70542490680301e-07,977.302919787739,1787.92193671131,266.585906628633,244.831259185836,"chr6","protein_coding","1700003E16Rik"
7445,7445,"ENSMUSG00000030510",3077.00608637302,-1.85877244151118,0.129276651260151,-14.3782533302991,7.08604061704266e-47,1.19482454871034e-43,4584.98562269466,5063.29972759176,1508.31499803042,1151.42399717523,"chr7","protein_coding","Cers3"
7526,7526,"ENSMUSG00000030662",6359.02429669559,-0.65240644743812,0.0980546732814504,-6.65349672386844,2.86210189119602e-11,1.48873443872648e-09,7225.06087128793,8320.82804822219,5104.21812954747,4785.99013772479,"chr14","protein_coding","Ipo5"
7607,7607,"ENSMUSG00000030792",1804.7638340313,-2.23167914431081,0.531884739345436,-4.19579465103139,2.71916528840765e-05,0.000436663416235241,2172.75381274238,3779.12950682574,786.729085351417,480.442931205678,"chr7","protein_coding","Dkkl1"
7638,7638,"ENSMUSG00000030851",8536.01214241172,-4.04719064253561,0.562329274886891,-7.19719001531564,6.14660793552647e-13,4.15954732332584e-11,11181.7803312619,21014.7763077016,1197.63217451585,749.859756167497,"chr7","protein_coding","Ldhc"
8025,8025,"ENSMUSG00000031629",205.412054587951,-0.772564314217474,0.283929203325433,-2.7209751768013,0.00650896490500198,0.0484734618652227,234.63026447285,283.60824952825,130.286345344821,173.123359005884,"chr8","protein_coding","Cenpu"
8026,8026,"ENSMUSG00000031631",2119.44301060334,-1.27606914288763,0.155767954115755,-8.19211595948264,2.56673159621798e-16,2.74789667290342e-14,2440.34865982712,3559.97767764482,1274.80177906624,1202.64392587519,"chr8","protein_coding","Cfap97"
8081,8081,"ENSMUSG00000031736",210.423378898825,-1.02397587394566,0.270136636437912,-3.79058497006575,0.000150292906015981,0.00198889905842208,259.83847470547,304.432631486618,147.323790505297,130.098618897913,"chr8","lncRNA","Crnde"
8085,8085,"ENSMUSG00000031748",813.664118200432,-2.08624662125104,0.164917122327856,-12.6502730086666,1.11486741590498e-36,1.00211910985554e-33,1197.38998604946,1436.88235512739,295.649783667093,324.734347957782,"chr8","protein_coding","Gnao1"
8155,8155,"ENSMUSG00000031849",213.977666684874,-3.31815774840153,0.941119453792704,-3.52575619920445,0.000422275513268421,0.00485748876377102,153.188354490539,624.73145875104,40.0881062599448,37.9027472379746,"chr8","protein_coding","Comp"
8159,8159,"ENSMUSG00000031860",889.71872701043,-1.53226580654748,0.165636434409537,-9.2507775358104,2.22865479894262e-20,4.37811662153446e-18,1175.09041545907,1469.60638391911,490.077099027825,424.101009635715,"chr8","protein_coding","Pbx4"
8179,8179,"ENSMUSG00000031893",435.849541419457,-3.06280122559975,0.295257245128844,-10.3733313106786,3.27890645734738e-25,9.75667547911277e-23,511.920577031673,1045.18564686285,99.2180629933634,87.0738787899416,"chr8","protein_coding","Tsnaxip1"
8216,8216,"ENSMUSG00000031953",940.405808231592,-0.614984625715495,0.139092643809494,-4.42140295038031,9.80621069551586e-06,0.000173443065745689,1133.3999139205,1142.3660960019,764.680626908447,721.176596095516,"chr8","protein_coding","Tmem170"
8362,8362,"ENSMUSG00000032221",1775.14931238355,-1.01893041346804,0.152943371064583,-6.66214172196966,2.69865598576109e-11,1.41190675750163e-09,1974.96631707106,2779.55917282407,1193.62336388986,1152.44839574923,"chr9","protein_coding","Mns1"
8535,8535,"ENSMUSG00000032497",1190.31773584731,-0.7477232678412,0.157486758096629,-4.74784849772843,2.05591942534928e-06,4.28860553118735e-05,1286.58826841104,1697.68294822505,940.066091795706,836.933634957438,"chr9","protein_coding","Lrrfip2"
8559,8559,"ENSMUSG00000032534",2032.03566913364,-1.36797600744037,0.422410860087211,-3.23849629992452,0.00120161579588898,0.0118256293842498,2096.15963549712,3762.27167381182,1218.67843030232,1051.03293692329,"chr9","protein_coding","Cep63"
8607,8607,"ENSMUSG00000032611",2078.99940993979,-1.57158701113334,0.1355041028589,-11.5980769436172,4.21442046051758e-31,2.10612536194139e-28,2992.02064530254,3230.75411525538,1185.60574263787,907.617136563391,"chr9","protein_coding","1700102P08Rik"
8614,8614,"ENSMUSG00000032637",6892.07192166574,-0.604999893405615,0.119075646847169,-5.08080291331206,3.75842898917266e-07,9.18454736315453e-06,7298.74640889097,9334.28130352943,5836.82827144796,5098.43170279458,"chr7","protein_coding","Atxn2l"
8724,8724,"ENSMUSG00000032965",423.266956867217,-0.766493465358512,0.196922204092619,-3.89236688107556,9.92709716786571e-05,0.00137861965747834,508.042390842039,558.291763931485,332.731281957542,294.002390737803,"chr16","protein_coding","Ift57"
8752,8752,"ENSMUSG00000033055",2639.84624149778,-1.0876840979934,0.15255909914525,-7.12959177189307,1.00667041493684e-12,6.52851576148462e-11,2937.72603864767,4243.21573332651,1804.96698435402,1573.47620966294,"chr15","protein_coding","Ankrd54"
8772,8772,"ENSMUSG00000033124",541.910381130981,-0.860954158742951,0.229656066957522,-3.74888488751398,0.000177622584393978,0.00228772461656764,532.281054527251,865.699307126441,354.779740400512,414.881422469722,"chr1","protein_coding","Atg9a"
8775,8775,"ENSMUSG00000033147",83.1295209249457,-1.83334529811218,0.467795752088808,-3.91911489133003,8.8874744464514e-05,0.00125316486375957,92.1069220038048,167.586692903057,42.0925115729421,30.7319572199794,"chr3","protein_coding","Slc22a15"
8825,8825,"ENSMUSG00000033318",1554.6089355814,-0.632822723176277,0.164735353285479,-3.84145060884183,0.000122309349020055,0.00165871807511514,1761.66607664119,2018.97341272558,1446.17843332751,991.617819631335,"chr10","protein_coding","Gstt2"
8919,8919,"ENSMUSG00000033644",11154.5827903537,-0.653012708500116,0.0842686596709766,-7.74917639665536,9.24904627208448e-15,8.17227957508111e-13,14026.4299013584,13247.2818372304,8995.77104473161,8348.8483780944,"chr14","protein_coding","Piwil2"
8921,8921,"ENSMUSG00000033658",3561.97707441545,-0.788522545672294,0.101950609288408,-7.73435834445716,1.03925923882078e-14,9.02505211944195e-13,4350.35535822181,4673.58629379945,2750.04408943221,2473.92255620834,"chr8","protein_coding","Ddx19b"
9047,9047,"ENSMUSG00000034075",2360.89065647882,-0.639119715198615,0.131624769597697,-4.85561887137236,1.20011334136576e-06,2.63088768680333e-05,2500.46054576645,3250.58685997763,1870.11015702643,1822.40506314478,"chr2","protein_coding","Zdhhc5"
9056,9056,"ENSMUSG00000034110",800.167713520037,-1.03909405475001,0.149420221971158,-6.95417287594834,3.54636514083683e-12,2.11050447822625e-10,1038.38435227447,1114.60025339074,521.145381379283,526.540867035647,"chr5","protein_coding","Kctd7"
9384,9384,"ENSMUSG00000035021",2322.56546932374,-1.29808577512217,0.140901003549171,-9.21275038803518,3.17873575957895e-20,5.9007834274606e-18,2814.59362712679,3790.03751642298,1403.08371909807,1282.54701464714,"chr12","protein_coding","Baz1a"
9540,9540,"ENSMUSG00000035517",2418.09274080525,-0.800759970164325,0.144611863592703,-5.53730482596956,3.0716168517139e-08,9.47425234414314e-07,2571.23744372727,3573.86059895039,1838.03967201847,1689.23324852487,"chr4","protein_coding","Tdrd7"
9606,9606,"ENSMUSG00000035765",989.172381498912,-0.602014915803589,0.156630717993042,-3.84353033375185,0.000121277001322895,0.00164584015943128,1066.50120214932,1318.87752402997,837.841420832847,733.469378983508,"chr18","protein_coding","Dym"
9616,9616,"ENSMUSG00000035785",357.720452366158,-10.4628300600631,1.49246864324892,-7.01041868275827,2.3760600863729e-12,1.44810842733944e-10,307.346255528485,1122.53335127965,1.00220265649862,0,"chr8","protein_coding","Cmtm2b"
9643,9643,"ENSMUSG00000035890",1845.45982447507,-0.601662610987648,0.149020070567572,-4.03746024744249,5.40329972071324e-05,0.000800955066292393,1860.55982447686,2589.16482349042,1467.22468911398,1464.88996081902,"chr10","protein_coding","Rnf126"
9690,9690,"ENSMUSG00000036054",4975.70100227496,-0.731263675972146,0.11285157517886,-6.47987123629561,9.18009279910272e-11,4.45443639561258e-09,5537.08033224978,6883.94569309479,3858.48022751969,3623.29775623557,"chr8","protein_coding","Sugp2"
9788,9788,"ENSMUSG00000036377",1093.96836883598,-3.93439876303375,0.607588642419159,-6.47543171210154,9.45412378958661e-11,4.56469722219691e-09,1224.5372893769,2882.6894453798,127.279737375325,141.367003211905,"chr5","protein_coding","Cracd"
9804,9804,"ENSMUSG00000036438",15094.1597833113,-0.690418952155207,0.0968179106784578,-7.13110773943634,9.95643439376205e-13,6.49866108139939e-11,17681.6203850883,19595.7434228243,12437.3349671479,10661.9403581848,"chr17","protein_coding","Calm2"
9831,9831,"ENSMUSG00000036533",1150.85588794019,-2.34961971190666,0.185761498771992,-12.6485828734115,1.13910939639604e-36,1.00211910985554e-33,1566.78722061209,2281.75728029547,420.92511572942,333.953935123776,"chr17","protein_coding","Cdc42ep3"
10091,10091,"ENSMUSG00000037278",2489.09954261953,-1.43558229391122,0.36078892837567,-3.97900872505829,6.92032015665321e-05,0.0010037688749084,2725.39534476521,4543.68181586868,1373.01763940311,1314.30337044112,"chr11","protein_coding","Tmem97"
10305,10305,"ENSMUSG00000037890",1306.66986122646,-0.837320443421408,0.127486814246687,-6.56789840085888,5.10303382938582e-11,2.5679519339932e-09,1591.99543084471,1759.16445686404,932.048470543717,943.471086653367,"chr5","protein_coding","Wdr19"
10337,10337,"ENSMUSG00000037979",2427.87912804605,-1.1189786124992,0.143756193561104,-7.78386367070559,7.03425570848827e-15,6.32582800024674e-13,2824.28909260088,3825.73645692304,1638.60134337524,1422.88961928505,"chr5","protein_coding","Ccdc92"
10369,10369,"ENSMUSG00000038042",1936.66586871237,-1.24187137344966,0.144564873650439,-8.59040887382186,8.66603779394112e-18,1.16124906438811e-15,2322.06398104329,3122.66565651909,1197.63217451585,1104.30166277126,"chr13","protein_coding","Ptpdc1"
10420,10420,"ENSMUSG00000038170",854.530323483176,-0.907143692839635,0.202730800472993,-4.47462196530163,7.65466227144731e-06,0.00013890980843091,858.048694456497,1371.43429754395,632.389876250629,556.248425681627,"chr3","protein_coding","Pde4dip"
10444,10444,"ENSMUSG00000038215",667.061109238172,-0.836595600482242,0.165583066906977,-5.05242242524856,4.36241557125471e-07,1.05838269387012e-05,827.992751486835,882.557140140358,514.129962783792,443.564582541702,"chr8","protein_coding","Cep44"
10520,10520,"ENSMUSG00000038398",1425.55366972204,-0.852315983207313,0.127382500980859,-6.69099740266038,2.21654598608911e-11,1.17715463208733e-09,1713.18874927077,1956.50026685048,1012.22468306361,1020.30097970332,"chr8","protein_coding","Upf3a"
10563,10563,"ENSMUSG00000038515",323.59518166553,-2.63947536296433,0.310597412920906,-8.49805971705396,1.927859321291e-17,2.43801909418763e-15,396.544537890065,718.936996181752,109.24008955835,69.6591030319533,"chr8","protein_coding","Grtp1"
10584,10584,"ENSMUSG00000038542",1186.02957205701,-0.671952008978375,0.132917442038327,-5.05540882124874,4.29469776488407e-07,1.04320425659861e-05,1376.75609732003,1538.02935321089,936.057281169711,893.275556527401,"chr8","protein_coding","Pcid2"
10671,10671,"ENSMUSG00000038759",7903.44633121868,-0.924696524373504,0.0916038430340854,-10.094516711809,5.84181145529835e-24,1.55530543403299e-21,9713.88685848548,10992.29876231,5513.11681339891,5394.48289068038,"chr6","protein_coding","Nup205"
10735,10735,"ENSMUSG00000038943",1456.30793993733,-0.832877314125337,0.128251092928915,-6.49411474869047,8.35230701934655e-11,4.09202373436944e-09,1728.7014940293,2002.11557971167,1039.28415478907,1055.13053121929,"chr7","protein_coding","Prc1"
10830,10830,"ENSMUSG00000039183",1124.7786877741,-0.682511202486194,0.188689598990657,-3.61711088548124,0.000297909701706819,0.00360305134748104,1069.40984179154,1702.64113440561,835.837015519849,891.226759379402,"chr17","protein_coding","Nubp2"
10852,10852,"ENSMUSG00000039224",2586.87452791113,-1.03486853353196,0.124493763683894,-8.31261344270724,9.36170850019854e-17,1.07627732836942e-14,3152.96537217235,3800.94552602022,1814.989010919,1578.59820253294,"chr1","protein_coding","D1Pas1"
10878,10878,"ENSMUSG00000039298",1733.50113010992,-0.945544590869718,0.143087709608203,-6.60814680351494,3.89160688723316e-11,1.98344518277773e-09,1972.05767742883,2592.13973519876,1139.50442043893,1230.30268737317,"chr4","protein_coding","Cdk5rap2"
10998,10998,"ENSMUSG00000039662",3235.44159847571,-0.672945962644049,0.114901982913715,-5.85669581654995,4.72166793120602e-09,1.72763524267672e-07,3594.1090512432,4359.2372899517,2423.32602341366,2565.09402929428,"chr4","protein_coding","Icmt"
11026,11026,"ENSMUSG00000039738",1490.96564187754,-0.928730707139155,0.154148999596883,-6.02488961698026,1.69225077110002e-09,6.63585312062749e-08,1652.10731678404,2257.95798662876,1069.35023448403,984.44702961334,"chr16","protein_coding","Slx4"
11044,11044,"ENSMUSG00000039782",2165.32169268295,-0.720642669419132,0.107445092816235,-6.70707847636798,1.98559493827827e-11,1.06287111061171e-09,2617.77567800287,2772.61771217128,1665.66081510071,1605.23256545692,"chr5","protein_coding","Cpeb2"
11128,11128,"ENSMUSG00000040022",1438.84894572624,-0.729582641919788,0.1272864623504,-5.73181647480594,9.93607488561318e-09,3.35636960326372e-07,1672.46779427961,1917.82641464208,1085.38547698801,1079.71609699528,"chr19","protein_coding","Rab11fip2"
11192,11192,"ENSMUSG00000040231",1264.94166578674,-1.30976762442232,0.169758098373962,-7.71549420597898,1.20514335905002e-14,1.03325723419568e-12,1523.15762597871,2082.4381958368,807.775341137888,646.395500193566,"chr7","protein_coding","Syngr4"
11290,11290,"ENSMUSG00000040489",721.984049804612,-0.64864213167883,0.159174895097274,-4.07502785714064,4.6008839153881e-05,0.000696292334659407,821.205925654975,942.055374307124,560.231284982729,564.443614273621,"chr11","protein_coding","Sox30"
11328,11328,"ENSMUSG00000040594",1022.48964647678,-1.11376680273259,0.168935601467368,-6.59284835794501,4.31467229700291e-11,2.18257698143892e-09,1173.15132236425,1624.3017927527,660.451550632591,632.053920157576,"chr11","protein_coding","Ranbp17"
11393,11393,"ENSMUSG00000040734",516.340646718829,-1.66704105906084,0.210099235138546,-7.93454130359654,2.11274702724447e-15,2.01647751647475e-13,652.504826405901,918.256080640418,239.52643490317,255.075244925829,"chr7","protein_coding","Ppp1r13l"
11737,11737,"ENSMUSG00000041915",933.469159638155,-0.80706202089264,0.15801578966556,-5.1074770603671,3.26488718621228e-07,8.08589073755438e-06,1091.70941238194,1284.17022076603,617.35683640315,740.640169001503,"chr18","protein_coding","Ammecr1l"
11821,11821,"ENSMUSG00000042213",1536.54774526579,-1.29878716496202,0.148870436828909,-8.72427859169019,2.67882866493332e-18,3.8442141281036e-16,1957.5144792177,2412.65339546235,984.163008681645,791.860097701469,"chr6","protein_coding","Zfand4"
11846,11846,"ENSMUSG00000042293",554.491410925242,-1.59114060929408,0.496817145572153,-3.20266847365274,0.00136160630823373,0.0131381697857898,551.67198547542,1113.60861615463,299.658594293087,253.02644777783,"chr9","protein_coding","Gm5617"
11950,11950,"ENSMUSG00000042594",1705.85311152475,-0.635279113527723,0.115458815241007,-5.50221403365045,3.75051249473414e-08,1.13945750478154e-06,2000.17452730368,2150.86116512858,1353.97578892964,1318.40096473712,"chr5","protein_coding","Sh2b3"
12149,12149,"ENSMUSG00000043460",250.481505082257,-1.07634778500483,0.262361732992209,-4.10253344772958,4.08650756520618e-05,0.000628793871288074,287.955324580316,391.696708264541,157.345817070283,164.928170413889,"chr15","protein_coding","Elfn2"
12163,12163,"ENSMUSG00000043535",30803.6993471439,-0.835594988930113,0.091382238642696,-9.1439540258724,6.02096839284485e-20,1.05937629965933e-17,36603.290804312,42362.7427267372,21236.6742912058,23012.0895663206,"chr2","protein_coding","Setx"
12231,12231,"ENSMUSG00000043940",1823.12289851337,-0.606110696167522,0.117069225752911,-5.17736999001591,2.25035656758464e-07,5.80787178424842e-06,2215.41386082836,2185.56846839253,1357.98459955563,1533.52466527697,"chr5","protein_coding","Wdfy3"
12460,12460,"ENSMUSG00000044934",1131.35056723413,-0.625467706673228,0.155786994863079,-4.01489037787108,5.94734305609902e-05,0.000873918223653649,1305.97919935921,1439.85726683573,1009.21807509411,770.347727647483,"chr13","protein_coding","Zfp367"
12461,12461,"ENSMUSG00000044937",267.271058552174,-0.883653271643712,0.291784282120793,-3.02844712957464,0.00245814085690563,0.0217862558469682,251.112555778794,442.270207306292,196.43172067373,179.26975044988,"chr10","protein_coding","Ttc41"
12511,12511,"ENSMUSG00000045107",410.14763783755,-0.784488070690872,0.216753535687083,-3.61926308700865,0.000295443155165962,0.00357535693877278,443.082772165671,594.982341667657,315.693836797065,286.831600719808,"chr14","protein_coding","Saysd1"
12537,12537,"ENSMUSG00000045252",1253.48184958324,-0.906097029859775,0.184730601074396,-4.90496444330231,9.34442650789317e-07,2.09850306282697e-05,1261.38005817842,2008.06540312834,881.938337718786,862.543599307421,"chr7","protein_coding","Zfp574"
12606,12606,"ENSMUSG00000045587",1114.33978122953,-1.61416549622797,0.180405748170607,-8.94741721145979,3.63896711114287e-19,5.93797262313427e-17,1462.07619349197,1897.99366991983,640.407497502618,456.881764003693,"chr7","protein_coding","Lypd10"
12756,12756,"ENSMUSG00000046312",165.358715302666,-2.94709208880861,0.350886632605803,-8.39898649578783,4.50348597031996e-17,5.48936958575025e-15,239.477997209892,346.081395403354,43.0947142294407,32.780754367978,"chr4","protein_coding","Myorg"
12922,12922,"ENSMUSG00000047003",967.963354632255,-0.606869848484045,0.145386964096994,-4.17416961866798,2.99074879768887e-05,0.000475371651001073,1091.70941238194,1245.49636855763,735.616749869987,799.030887719464,"chr15","protein_coding","Zfp41"
13019,13019,"ENSMUSG00000047446",1817.59523592269,-0.717086744214107,0.143238707139724,-5.00623580408762,5.55047554311535e-07,1.31354762736136e-05,1967.20994469179,2553.46588299036,1470.23129708348,1279.47381892514,"chr12","protein_coding","Arl4a"
13148,13148,"ENSMUSG00000047989",843.463079267452,-0.744830012441719,0.157796100324563,-4.72020544810496,2.35606554730636e-06,4.83005372686899e-05,961.790175029204,1151.29083112692,659.449347976092,601.321962937596,"chr18","protein_coding","Ino80c"
13287,13287,"ENSMUSG00000048602",1135.50300174768,-7.37191601238696,0.669884947191177,-11.0047494622731,3.62522191493237e-28,1.33368618594076e-25,1877.0421157828,2637.75504805995,20.0440531299724,7.17079001799519,"chr17","protein_coding","Morc2b"
13381,13381,"ENSMUSG00000049091",1668.38901491411,-1.45521379898676,0.130478174412716,-11.1529288751678,6.92874774161164e-29,2.69608234238019e-26,2240.62207106098,2649.6546948933,934.052875856714,849.22641784543,"chr7","protein_coding","Sephs2"
13482,13482,"ENSMUSG00000049576",181.379184902343,-1.50169066312179,0.288263023473674,-5.20944602962209,1.89405291465682e-07,4.97072200715514e-06,273.412126369189,262.783867569882,101.222468306361,88.0982773639409,"chr10","transcribed_processed_pseudogene","Zfa-ps"
13574,13574,"ENSMUSG00000050050",1118.8939024414,-1.13773645622261,0.157899114108559,-7.20546446790314,5.7846327405778e-13,3.9277268078138e-11,1339.91332851851,1737.34843766956,739.625560495982,658.688283081558,"chr5","protein_coding","Ccdc158"
13911,13911,"ENSMUSG00000051674",733.293508047849,-0.620134704026394,0.152379944003589,-4.06966092605853,4.70816095522787e-05,0.000710402153378679,869.683253025399,907.348071043177,573.259919517211,582.882788605609,"chr5","protein_coding","Dcun1d4"
13933,13933,"ENSMUSG00000051811",1941.65880160541,-1.35573939034396,0.335229524299992,-4.04421237411872,5.24993149966602e-05,0.000783385796196477,2275.52574676768,3309.09345690829,1246.74010468428,935.275898061372,"chr7","protein_coding","Cox6b2"
14056,14056,"ENSMUSG00000052525",540.345304899411,-0.904103590147508,0.206234595995751,-4.3838599716128,1.16594734016174e-05,0.000203202226363761,623.418429983647,785.376691001307,431.949344950905,320.636753661785,"chr17","protein_coding","Spdya"
14222,14222,"ENSMUSG00000053411",505.812119774723,-0.933679317426528,0.206273137270452,-4.52642224664643,5.9990657122519e-06,0.000111772647902122,554.580625117646,773.477044167954,340.748903209531,354.441906603762,"chr15","protein_coding","Cbx7"
14232,14232,"ENSMUSG00000053470",4675.57502808757,-0.663132307085258,0.0887161505986158,-7.47476420708908,7.73424071008477e-14,5.92782676241876e-12,5659.24319722325,5804.052742968,3673.07273606744,3565.93143609161,"chr6","protein_coding","Kdm3a"
14302,14302,"ENSMUSG00000053896",141.909182417962,-2.34548472349957,0.39650642977662,-5.91537626469498,3.31117754356636e-09,1.23613222170704e-07,160.944726869806,313.357366611633,41.0903089164434,52.2443272739649,"chr2","protein_coding","4933409G03Rik"
14692,14692,"ENSMUSG00000056197",97.92073457674,-2.72060016958619,0.524037830702699,-5.19161024298199,2.08483082394854e-07,5.42798558603914e-06,87.2591892667624,252.867495208754,31.0682823514572,20.4879714799863,"chr6","protein_coding","Jkampl"
14814,14814,"ENSMUSG00000056899",143.292934870116,-2.0686867106436,0.416983732925056,-4.96107293234723,7.01048615081126e-07,1.61560565803548e-05,139.61470282682,323.27373897276,62.1365647029145,48.1467329779677,"chr12","protein_coding","Immp2l"
15073,15073,"ENSMUSG00000058638",1177.99808755888,-0.970282108669301,0.165356820363617,-5.86780821338767,4.4159361679973e-09,1.62163434524968e-07,1300.16192007476,1819.65432826692,820.80397567237,771.372126221482,"chr7","protein_coding","Zfp110"
15084,15084,"ENSMUSG00000058717",608.717531511368,-1.10091568153423,0.180920065232734,-6.08509443172056,1.16422671077008e-09,4.69262216448639e-08,793.08907578013,867.682581598667,431.949344950905,342.14912371577,"chr7","protein_coding","Lypd11"
15273,15273,"ENSMUSG00000059970",11933.3962883824,-1.39371178472523,0.116518872356856,-11.96125362814,5.66994029758351e-33,3.18682144392513e-30,15371.1909626139,19204.0467145597,7171.76220990413,5986.58526645198,"chr12","protein_coding","Hspa2"
15402,15402,"ENSMUSG00000060771",1335.60224318205,-0.99882114268664,0.165866252221717,-6.02184669459759,1.72438187370628e-09,6.73574185957006e-08,1486.31485717719,2074.5050979479,964.118955551673,817.470062051451,"chr1","protein_coding","Tsga10"
15476,15476,"ENSMUSG00000061356",71.0257188504049,-1.42977405216986,0.463667371398698,-3.0836201560977,0.00204498511070265,0.0186220651349944,88.2287358141709,118.996468333531,44.0969168859393,32.780754367978,"chr14","protein_coding","Nuggc"
15553,15553,"ENSMUSG00000061882",642.532830764231,-0.96569611725389,0.218192536989612,-4.42588976954727,9.60455631457983e-06,0.000170173898834683,643.778907479225,1056.09365646009,437.962560889897,432.29619822771,"chr5","protein_coding","Ccdc62"
15619,15619,"ENSMUSG00000062270",10417.916263222,-0.754605563261245,0.104647164106442,-7.21095091018137,5.55624844151593e-13,3.78535794497082e-11,11753.8127942329,14410.4723151907,8046.68512902742,7460.69481443699,"chr9","protein_coding","Morf4l1"
15687,15687,"ENSMUSG00000062732",684.42647211114,-2.55543805370258,0.463535866052457,-5.51292411408224,3.52920426706159e-08,1.07545058945368e-06,807.632273991257,1532.07952979422,207.455949895214,190.538134763872,"chr7","protein_coding","Lypd4"
15703,15703,"ENSMUSG00000062859",1195.23125250772,-3.91947483375168,0.621710137898509,-6.30434441201201,2.89416285571761e-10,1.27582769548127e-08,1332.15695613924,3152.41477360247,171.376654261264,124.976626027916,"chr17","protein_coding","Tcp11"
15868,15868,"ENSMUSG00000063889",658.231515602921,-1.63416263708926,0.211797404812092,-7.71568772780337,1.20331601591871e-14,1.03325723419568e-12,812.480006728299,1179.05667373807,364.801766965498,276.587614979814,"chr18","protein_coding","Crem"
16246,16246,"ENSMUSG00000067338",15903.7851532366,-1.29604957868124,0.120780542500647,-10.7306156426172,7.31074744167726e-27,2.55044247818789e-24,19881.5215011581,25324.4317358477,10142.290883766,8266.89649217445,"chr6","protein_coding","Tuba3b"
16283,16283,"ENSMUSG00000067702",13310.6097799732,-0.98068849599776,0.114611872119873,-8.55660480767692,1.16240159368004e-17,1.51742153848528e-15,15471.054256997,19865.468751047,9507.89660220241,8398.01950964636,"chr6","protein_coding","Tuba3a"
16332,16332,"ENSMUSG00000068039",9267.88801025297,-0.896924932283177,0.105678752596926,-8.48727781358449,2.11533656290011e-17,2.64208148232844e-15,10896.7336463238,13222.4909063276,6806.96044293863,6145.36704542188,"chr17","protein_coding","Tcp1"
16406,16406,"ENSMUSG00000068600",1075.37123397322,-0.751099932530251,0.148719046532481,-5.05046226453724,4.407421750949e-07,1.0667436807261e-05,1296.28373388513,1402.17505186345,885.94714834478,717.079001799519,"chr15","protein_coding","Gml2"
16594,16594,"ENSMUSG00000070331",1479.11643183569,-11.504921262635,1.532412898112,-7.50771627986786,6.01677287864903e-14,4.68243778563787e-12,1466.92392622902,4447.49300396574,0,2.04879714799863,"chr11","protein_coding","Qrich2"
16600,16600,"ENSMUSG00000070345",2304.2577409262,-0.688909012798979,0.134954143852407,-5.10476368589621,3.31208145256972e-07,8.1827418939311e-06,2541.1815007576,3147.45658742191,1926.23350579035,1602.15936973492,"chr11","protein_coding","Hsf5"
16764,16764,"ENSMUSG00000071265",56.3783984387471,-4.1359214810475,0.785654950177555,-5.26429761578259,1.40726324558822e-07,3.80675996139466e-06,34.903675706705,178.494702500297,8.01762125198896,4.09759429599725,"chr12","transcribed_unitary_pseudogene","1700086L19Rik"
16782,16782,"ENSMUSG00000071359",1282.20771473467,-0.886881598056568,0.169157988595357,-5.24291879692469,1.58056111056411e-07,4.23590377631181e-06,1352.51743363482,1976.33301157273,920.022038665733,879.95837506541,"chr10","protein_coding","Tbpl1"
16852,16852,"ENSMUSG00000071724",851.358332068497,-2.84063326923465,0.202679112296092,-14.0154219004314,1.25450532244672e-44,1.95258928418361e-41,1193.51179985983,1794.8633973641,225.49559771219,191.562533337871,"chr15","protein_coding","Smpd5"
17003,17003,"ENSMUSG00000073002",178.480544398424,-1.26730165334063,0.334820801856402,-3.78501468939244,0.000153699499623923,0.0020233934127459,187.122483649835,317.323915556084,116.25550815384,93.2202702339375,"chr6","protein_coding","Vamp5"
17192,17192,"ENSMUSG00000074039",76.794041702329,-2.51903376666541,0.484807641415401,-5.19594484796292,2.0368264312928e-07,5.31097242406939e-06,97.9242012882556,163.620143958606,21.046255786471,24.5855657759835,"chr9","lncRNA","4930520O04Rik"
17199,17199,"ENSMUSG00000074067",101.615400940194,-8.6445657901583,1.4859617757409,-5.81748866712813,5.97383108259337e-09,2.12433212873804e-07,179.366111270567,226.09328983371,1.00220265649862,0,"chr7","lncRNA","Gm10619"
17364,17364,"ENSMUSG00000074734",1308.55578994474,-1.14715842329351,0.158448983879673,-7.2399228774144,4.4893995613065e-13,3.10029046837801e-11,1539.63991728465,2066.572000059,867.907500527805,760.10374190749,"chr10","protein_coding","Taf7l2"
17411,17411,"ENSMUSG00000074881",72.3695520053479,-1.26245840033096,0.453713727751764,-2.78249989610559,0.0053941882571086,0.0416746869776004,85.3200961719455,118.996468333531,40.0881062599448,45.0735372559698,"chr2","protein_coding","Mageb3"
17968,17968,"ENSMUSG00000079407",7.67414323552176,-6.3629141944206,2.11042458352779,-3.014992454165,0.00256985649127165,0.022578582824312,1.93909309481694,28.7574798472701,0,0,"chr14","lncRNA","1700110I01Rik"
17977,17977,"ENSMUSG00000079429",838.869731143726,-2.10223890479262,0.557761198963837,-3.76906623963443,0.000163859401760836,0.00213629583455461,845.444589340187,1876.17765072535,288.634365071603,345.222319437768,"chr1","protein_coding","Mroh2a"
18014,18014,"ENSMUSG00000079523",4700.42436718607,-0.625228197183082,0.114196991984654,-5.47499707581705,4.37518835837117e-08,1.31346530034543e-06,5051.33751199814,6355.40304624669,3662.04850684596,3732.9084036535,"chr6","protein_coding","Tmsb10"
18399,18399,"ENSMUSG00000081984",668.063982837082,-1.83957209024703,0.549099112196664,-3.35016402209767,0.000807637207002483,0.00843226586506101,682.560769375564,1406.1416008079,339.746700553032,243.806860611836,"chr1","protein_coding","Dnajb3"
18895,18895,"ENSMUSG00000084135",142.894751096794,-3.88316128844909,1.05541668458387,-3.67926843034526,0.000233903970349163,0.00289645834519276,137.675609732003,397.646531681218,28.0616743819614,8.1951885919945,"chr11","protein_coding","Pom121l12"
19070,19070,"ENSMUSG00000084950",125.277938929113,-1.02821860047907,0.351327978397542,-2.92666301490967,0.00342619897120434,0.0286825444697346,168.701099249074,167.586692903057,97.2136576803662,67.6103058839546,"chr6","lncRNA","Gm5577"
19878,19878,"ENSMUSG00000086788",2990.50188589538,-1.40681784048019,0.120008707401777,-11.7226313901565,9.75927286679015e-32,5.06331095350338e-29,4020.70953210293,4665.65319591055,1774.90090465906,1500.74391090899,"chr4","lncRNA","1700029M20Rik"
20526,20526,"ENSMUSG00000089862",229.685079730573,-0.703486716058142,0.257067132691769,-2.73658755474447,0.00620800724819978,0.0466788623783257,259.83847470547,309.390817667182,176.387667543757,173.123359005884,"chr6","protein_coding","Umad1"
20722,20722,"ENSMUSG00000090585",61.5050451122009,-7.91687822742014,1.52599407264695,-5.18801374745036,2.12548916108253e-07,5.51373688273641e-06,84.350549624537,160.645232250267,0,1.02439857399931,"chr14","lncRNA","4933406F09Rik"
21007,21007,"ENSMUSG00000092074",816.527904798485,-0.906675177504245,0.188990256570941,-4.79747048316168,1.60681878351946e-06,3.44410712560729e-05,867.744159930582,1262.35420157155,603.325999212169,532.687258479643,"chr17","protein_coding","Dynlt1a"
21434,21434,"ENSMUSG00000095677",935.194930213458,-0.752750374647008,0.166265271681608,-4.52740591606223,5.97121721396893e-06,0.000111356321758016,1021.90206096853,1325.81898468276,745.638776434973,647.419898767566,"chr17","protein_coding","Dynlt1f"
21538,21538,"ENSMUSG00000096753",414.141666952584,-8.08541940820954,0.631134678560714,-12.8109255961788,1.42425437960902e-37,1.44091815585044e-34,676.743490091113,973.787765862732,5.0110132824931,1.02439857399931,"chr12","protein_coding","Fam181a"
21626,21626,"ENSMUSG00000097047",76.1591941375896,-2.96939291442413,0.573771442435094,-5.17521907647057,2.27643710595368e-07,5.86769788558812e-06,68.8378048660015,201.302358930891,15.0330398474793,19.4635729059869,"chr17","lncRNA","1110020A21Rik"
22661,22661,"ENSMUSG00000101404",101.346459453114,-2.84032919182654,0.409457612754014,-6.93680884993804,4.01055891631821e-12,2.3727967576837e-10,187.122483649835,168.57833013917,23.0506610994683,26.6343629239821,"chr6","lncRNA","1700009C05Rik"
24188,24188,"ENSMUSG00000106740",44.6334990916363,-8.90369457796572,1.54232870089928,-5.77289041744101,7.79231219101029e-09,2.70910042736945e-07,85.3200961719455,93.2139001945996,0,0,"chr5","lncRNA","Gm21221"
24565,24565,"ENSMUSG00000107879",2931.54505551976,-1.47726335292947,0.118461062033132,-12.4704550809809,1.08206316976332e-35,8.10906154703369e-33,3908.24213260355,4719.20160666063,1483.25993161796,1615.47655119692,"chr6","translated_unprocessed_pseudogene","9330102E08Rik"
24739,24739,"ENSMUSG00000108383",432.48151578835,-12.1800504754428,1.45929239473614,-8.34654557193464,7.02885278306929e-17,8.26870972166419e-15,717.464445082269,1012.46161807113,0,0,"chr7","lncRNA","Gm6567"
24921,24921,"ENSMUSG00000108885",19.2180686714217,-6.2271091586605,1.68292303994653,-3.70017464307717,0.00021545114501484,0.00269934270478654,21.3300240429864,54.5400479862019,1.00220265649862,0,"chr7","lncRNA","4930402F11Rik"
27750,27750,"ENSMUSG00000117618",17.9564314375765,-6.12793271201925,1.67991647139939,-3.64776035972469,0.000264536194043067,0.00324008798442337,25.2082102326203,45.615312861187,1.00220265649862,0,"chr18","lncRNA","4930578E11Rik"
